AgencyID,AgencyIDtext,Customer,SubCustomer,IsDefense
  ,,,,
*BTS,Office of the Under Secretary for Border and Transportation Security,DHS,,0
*DCP,Other Defense Civil Programs,Other Agencies,Defense Civil Programs,0
*DHS,Department of Homeland Security,DHS,,0
*DMO,Departmental Management and Operations,DHS,Other DHS,0
*DND,Domestic Nuclear Detection Office,DHS,Other DHS,0
*DoD,Department of Defense,Defense,,1
*IAP,,State and IAP,,0
*IRR,Iraq Relief and Reconstruction Fund,,,
*MHS,MILITARY HEALTH SYSTEM,DEFENSE,,1
*MRF,DEPARTMENT OF DEFENSE MILITARY RETIREMENT FUND,Other Agencies,Defense Civil Programs,0
*MSP,Military Sales Program,State and IAP,Military Sales Program,0
*ODD,Other DoD,Defense,Other DoD,1
*OWL,,Other Agencies,Open World Leadership Center,0
*PER,Military Personne,Defense,Personnel and Housing,1
*PFH,Military Personnel and Family Housing ,Defense,Personnel and Housing,1
*RHC,Retiree Health Care,Other Agencies,Defense Civil Programs,0
*S&A,DOS and USAID,State and IAP,,0
*TDA,,State and IAP,IAP,0
*UND,Undistributed Offsetting Accounts,UNDISTRIBUTED,,0
: ,,,,
<NO,<NO,,,
<NON,<NON,,,
`,`,,,
`650,`650,,,
0,0,,,
0000,THE LEGISLATIVE BRANCH,Other Agencies,Legislative Branch,0
0001,"CONGRESS, GENERALLY, NO ADDITIONAL SPECIFICATION AVAILABLE",,,
0002,0002,,,
000A,000A,,,
000P,000P,,,
001,,,,
0010,,Other Agencies,All Other Customers,0
002,THE LEGISLATIVE BRANCH (LEG BRANCH),,,
003,LIBRARY OF CONGRESS (LOC),,,
004,,,,
0047,0047,,,
005,GOVERNMENT ACCOUNTABILITY OFFICE (GAO),,,
0050,HOUSE OF REPRESENTATIVES ZAAA,Other Agencies,All Other Customers,0
0099,JOINT HOUSE AND SENATE ENTITIES,,,
010,THE JUDICIAL BRANCH (JUD BRANCH),,,
0100,ARCHITECT OF THE CAPITOL,,,
012,DEPARTMENT OF AGRICULTURE (USDA),,,
013,DEPARTMENT OF COMMERCE (DOC),,,
014,DEPARTMENT OF THE INTERIOR (DOI),,,
015,DEPARTMENT OF JUSTICE (DOJ),,,
018,U.S. POSTAL SERVICE (USPS),,,
019,DEPARTMENT OF STATE (DOS),,,
020,DEPARTMENT OF THE TREASURY (TREAS),,,
023,U.S. TAX COURT (USTAXCOURT),,,
024,OFFICE OF PERSONNEL MANAGEMENT (OPM),,,
025,,,,
027,FEDERAL COMMUNICATIONS COMMISSION (FCC),,,
028,SOCIAL SECURITY ADMINISTRATION (SSA),,,
029,FEDERAL TRADE COMMISSION (FTC),,,
0300,LIBRARY OF CONGRESS,Other Agencies,Library,0
031,NUCLEAR REGULATORY COMMISSION (NRC),,,
034,INTERNATIONAL TRADE COMMISSION (USITC),,,
036,DEPARTMENT OF VETERANS AFFAIRS (VA),,,
0400,GOVERNMENT PRINTING OFFICE,Other Agencies,All Other Customers,0
045,EQUAL EMPLOYMENT OPPORTUNITY COMMISSION (EEOC),,,
047,GENERAL SERVICES ADMINISTRATION (GSA),,,
049,NATIONAL SCIENCE FOUNDATION (NSF),,,
050,SECURITIES AND EXCHANGE COMMISSION (SEC),,,
0500,GENERAL ACCOUNTING OFFICE,Other Agencies,All Other Customers,0
0501,COMPTROLLER GENERAL OF THE UNITED STATES,Other Agencies,Comptroller,0
051L,051L,,,
054,FEDERAL LABOR RELATIONS AUTHORITY (FLRA),,,
0544,0544,,,
0559,"GAO, EXCEPT COMPTROLLER GENERAL",Other Agencies,Comptroller,0
060,RAILROAD RETIREMENT BOARD (RRB),,,
061,CONSUMER PRODUCT SAFETY COMMISSION (CPSC),,,
062,OFFICE OF SPECIAL COUNSEL (OSC),,,
065,FEDERAL MARITIME COMMISSION (FMC),,,
068,ENVIRONMENTAL PROTECTION AGENCY (EPA),,,
069,DEPARTMENT OF TRANSPORTATION (DOT),,,
070,DEPARTMENT OF HOMELAND SECURITY (DHS),,,
071,OVERSEAS PRIVATE INVESTMENT CORPORATION (OPIC),,,
072,AGENCY FOR INTERNATIONAL DEVELOPMENT (USAID),,,
073,SMALL BUSINESS ADMINISTRATION (SBA),,,
074,AMERICAN BATTLE MONUMENTS COMMISSION (ABMC),,,
075,DEPARTMENT OF HEALTH AND HUMAN SERVICES (HHS),,,
077,,,,
080,NATIONAL AERONAUTICS AND SPACE ADMINISTRATION (NASA),,,
0800,CONGRESSIONAL BUDGET OFFICE,Other Agencies,All Other Customers,0
083,EXPORT-IMPORT BANK OF THE UNITED STATES (EXIM),,,
084,ARMED FORCES RETIREMENT HOME (AFRH),,,
086,DEPARTMENT OF HOUSING AND URBAN DEVELOPMENT (HUD),,,
088,NATIONAL ARCHIVES AND RECORDS ADMINISTRATION (NARA),,,
089,DEPARTMENT OF ENERGY (DOE),,,
090,SELECTIVE SERVICE SYSTEM (SSS),,,
0900,0900,,,
0905,DWIGHT D. EISENHOWER MEMORIAL COMMISSION,,,
091,DEPARTMENT OF EDUCATION (ED),,,
0911,COMMISSION ON AGRICULTURAL WORKERS,Other Agencies,All Other Customers,0
093,FEDERAL MEDIATION AND CONCILIATION SERVICE (FMCS),,,
0938,ABRAHAM LINCOLN BICENTENNIAL COMMISSION,,,
096,CORPS OF ENGINEERS - CIVIL WORKS (USACE),,,
097,DEPARTMENT OF DEFENSE (DOD),,,
10,"SENATE, THE",Other Agencies,All Other Customers,0
1000,THE JUDICIAL BRANCH,Other Agencies,All Other Customers,0
1001,SUPREME COURT OF THE UNITED STATES,Other Agencies,All Other Customers,0
1002,U.S. COURTS OF APPEALS-JUDICIAL CIRCUITS (EXCEPT FED CIR),Other Agencies,All Other Customers,0
1003,U.S. COURT OF APPEALS FOR THE FEDERAL CIRCUIT,Other Agencies,All Other Customers,0
1004,U.S. COURT OF INTERNATIONAL TRADE,Other Agencies,All Other Customers,0
1005,U.S. CLAIMS COURT,Other Agencies,All Other Customers,0
1012,U.S. DISTRICT AND TERRITORIAL COURTS,Other Agencies,All Other Customers,0
1018,JUDICIAL PANEL ON MULTIDISTRICT LITIGATION,Other Agencies,All Other Customers,0
1019,TEMPORARY EMERGENCY COURT OF APPEALS,Other Agencies,All Other Customers,0
1021,BANKRUPTCY COURTS,Other Agencies,All Other Customers,0
1023,FEDERAL PUBLIC DEFENDERS,Other Agencies,All Other Customers,0
1025,COURT SECURITY,Other Agencies,All Other Customers,0
1027,ADMINISTRATIVE OFFICE OF THE U.S. COURTS,Other Agencies,All Other Customers,0
1028,FEDERAL JUDICIAL CENTER,Other Agencies,All Other Customers,0
1037,SPECIAL RAIL REORGANIZATION COURT,Other Agencies,All Other Customers,0
1050,CHIEF JUSITCE OF THE UNITED STATES,Other Agencies,Supreme Court,0
1051,ASSOCIATE JUSTICES OF THE SUPREME COURT,Other Agencies,Supreme Court,0
1059,"SUPREME COURT, EXCEPT JUSTICES",Other Agencies,Supreme Court,0
1060,JUDICIAL CONFERENCE OF THE UNITED STATES,Other Agencies,Supreme Court,0
1100,EXECUTIVE OFFICE OF THE PRESIDENT,Other Agencies,Exec Office,0
1101,PRESIDENT OF THE UNITED STATES,Other Agencies,Exec Office,0
1102,NATIONAL SECURITY COUNCIL,Other Agencies,Exec Office,0
1103,OFFICE OF MANAGEMENT AND BUDGET,Other Agencies,Exec Office,0
1105,OFFICE OF ADMINISTRATION,Other Agencies,Exec Office,0
1109,OFFICE OF THE UNITED STATES TRADE REPRESENTATIVE,Other Agencies,Exec Office,0
1110,OFFICE OF POLICY DEVELOPMENT,Other Agencies,Exec Office,0
1112,OFFICE OF SCIENCE AND TECHNOLOGY POLICY,Other Agencies,Exec Office,0
1113,COUNCIL OF ECONOMIC ADVISORS,Other Agencies,Exec Office,0
1117,WHITE HOUSE OFFICE,Other Agencies,Exec Office,0
1118,EXECUTIVE RESIDENCE AT THE WHITE HOUSE,Other Agencies,Exec Office,0
1119,COUNCIL ON ENVIRONMENTAL QUALITY,Other Agencies,Exec Office,0
1120,NATIONAL CRITICAL MATERIALS COUNCIL,Other Agencies,Exec Office,0
1121,"DIRECTOR, OMB",Other Agencies,Exec Office,0
1123,WHITE HOUSE CONFERENCE ON INDIAN EDUCATION,Other Agencies,Exec Office,0
1125,PEACE CORPS (EOP),,,
1127,OFFICE OF THE NATIONAL DRUG CONTROL POLICY,Other Agencies,Exec Office,0
1129,"OMB, EXCEPT DIRECTOR",Other Agencies,Exec Office,0
1130,NATIONAL SPACE COUNCIL,Other Agencies,Exec Office,0
1133,UNITED STATES TRADE AND DEVELOPMENT AGENCY (EOP),,,
1136,,,,
1141,AFRICAN DEVELOPMENT FOUNDATION,State and IAP,AFRICAN DEVELOPMENT FOUNDATION,0
1143,INTER-AMERICAN FOUNDATION,State and IAP,INTER-AMERICAN FOUNDATION,0
1145,PEACE CORPS,State and IAP,PEACE CORPS,0
1148,OFFICE OF HOMELAND SECURITY,Other Agencies,Exec Office,0
1150,INTL DEVELOPMENT COOPERATION AGENCY (EXCLUDES OPIC),Other Agencies,Exec Office,0
1151,"OFFICE OF THE DIRECTOR, IDCA",Other Agencies,Exec Office,0
1152,AGENCY FOR INTERNATIONAL DEVELOPMENT,State and IAP,USAID,0
1153,UNITED STATES TRADE AND DEVELOPMENT AGENCY,State and IAP,,0
1160,OFFICE OF THE VICE PRESIDENT OF THE UNITED STATES,Other Agencies,Exec Office,0
1162,DEVELOPMENT COORDINATION COMMITTEE,Other Agencies,Exec Office,0
1170,COMMISSION ON THE INTELLIGENCE CAPABILITIES OF THE U.S REGARDING WEAPONS OF MASS DESTRUCTION,,,
11CA,WEST AFRICAN RICE DEVELOPMENT ASSOCIATION,Other Agencies,Exec Office,0
11DA,INTERNATIONAL DEVELOPMENT ASSOCIATION,Other Agencies,Exec Office,0
11DB,AFRICAN DEVELOPMENT FUND,Other Agencies,Exec Office,0
11DE,ASIAN DEVELOPMENT BANK,Other Agencies,Exec Office,0
11DF,INTERNATIONAL FINANCE CORPORATION,Other Agencies,Exec Office,0
11DG,INTERNATIONAL FUND FOR AGRICULTURAL DEVELOPMENT,Other Agencies,Exec Office,0
11DH,INTER-AMERICAN DEVELOPMENT BANK,Other Agencies,Exec Office,0
11DM,INTERNATIONAL MONETARY FUND,Other Agencies,Exec Office,0
11DR,INTERNATL BANK FOR RECONSTRUCTION & DEV (WORLD BANK),Other Agencies,Exec Office,0
11EA,CONSULTATIVE GROUP ON INTERNATIONAL AGRICULTURAL RESEARCH,Other Agencies,Exec Office,0
11RF,MULTINATIONAL FORCE AND OBSERVERS,Other Agencies,Exec Office,0
11TE,CONVNTN ON INTERNATL TRD IN ENDANGERED SPECIES OF WILD FAUN,Other Agencies,Exec Office,0
1200,"AGRICULTURE, DEPARTMENT OF",Other Agencies,Agriculture,0
1201,IMMEDIATE OFFICE OF THE SECRETARY OF AGRICULTURE,Other Agencies,Agriculture,0
1202,OFFICE OF EXECUTIVE SECRETARIAT,Other Agencies,,0
1203,OFFICE OF THE GENERAL COUNSEL,Other Agencies,Agriculture,0
1204,OFFICE OF INSPECTOR GENERAL,Other Agencies,Agriculture,0
1205,"USDA, OFFICE OF THE CHIEF FINANCIAL OFFICER",Other Agencies,Agriculture,0
1207,OFFICE OF GOVERNMENTAL AND PUBLIC AFFAIRS,Other Agencies,,0
1208,OFFICE OF COMMUNICATIONS,Other Agencies,Agriculture,0
120A,USDA ADMINISTRATION,Other Agencies,Agriculture,0
1211,,,,
1215,"USDA, OFFICE OF OPERATIONS",Other Agencies,Agriculture,0
1217,OFFICE OF FINANCE AND MANAGEMENT,Other Agencies,Agriculture,0
1220,AGRICULTURAL STABILIZATION AND CONSERVATION SERVICE,Other Agencies,Agriculture,0
1222,FEDERAL CROP INSURANCE CORPORATION,Other Agencies,Agriculture,0
1223,FOREIGN AGRICULTURAL SERVICE,Other Agencies,Agriculture,0
1224,OFFICE OF INTERNATIONAL COOPERATION AND DEVELOPMENT,Other Agencies,Agriculture,0
1226,FOREST SERVICE,Other Agencies,Agriculture,0
1227,SOIL CONSERVATION SERVICE,Other Agencies,Agriculture,0
122E,ECONOMICS,Other Agencies,,0
122S,SCIENCE AND EDUCATION,Other Agencies,,0
1230,AGRICULTURAL RESEARCH SERVICE,Other Agencies,Agriculture,0
1231,EXTENSION xxx,Other Agencies,,0
1232,EXTENSION,Other Agencies,Agriculture,0
1236,FARMERS HOME ADMINISTRATION,Other Agencies,Agriculture,0
1237,RURAL ELECTRIFICATION ADMINISTRATION,Other Agencies,Agriculture,0
123C,123C,Other Agencies,,0
1241,AGRICULTURAL MARKETING SERVICE,Other Agencies,Agriculture,0
1242,ANIMAL AND PLANT HEALTH INSPECTION SERVICE,Other Agencies,Agriculture,0
1251,FOOD AND NUTRITION SERVICE,Other Agencies,Agriculture,0
1252,FOOD SAFETY AND INSPECTION SERVICE,Other Agencies,Agriculture,0
1259,ECONOMICS MANAGEMENT STAFF,Other Agencies,Agriculture,0
1260,COMMODITY CREDIT CORPORATION,Other Agencies,Agriculture,0
1264,1264,Other Agencies,,0
1266,1266,Other Agencies,,0
1291,LAND GRANT COLLEGES AND TUSKEGEE INSTITUTE,Other Agencies,Agriculture,0
12A0,OFFICE OF EXECUTIVE OPERATIONS,Other Agencies,Agriculture,0
12A1,,,,
12A2,OFFICE OF EXECUTIVE SECRETARIAT,Other Agencies,Agriculture,0
12A4,"USDA, HOMELAND SECURITY",Other Agencies,Agriculture,0
12A5,OFFICE OF THE CHIEF ECONOMIST,Other Agencies,Agriculture,0
12A6,OFFICE OF BUDGET AND PROGRAM ANALYSIS,Other Agencies,Agriculture,0
12A7,"USDA, OFFICE OF THE CHIEF INFORMATION OFFICER",Other Agencies,Agriculture,0
12A8,OFFICE OF SMALL AND DISADVANTAGED BUSINESS UTILIZATION,Other Agencies,Agriculture,0
12A9,NATIONAL APPEALS DIVISION,Other Agencies,Agriculture,0
12B0,"USDA, ASSISTANT SECRETARY FOR DEPARTMENTAL MANAGEMENT",Other Agencies,Agriculture,0
12B1,"USDA, OFFICE OF SECURITY SERVICES",Other Agencies,Agriculture,0
12B2,OFFICE OF CIVIL RIGHTS,Other Agencies,Agriculture,0
12B3,OFFICE OF PROCUREMENT AND PROPERTY MANAGEMENT,Other Agencies,Agriculture,0
12B4,OFFICE OF OPERATIONS,Other Agencies,Agriculture,0
12B5,OFFICE OF HUMAN RESOURCES MANAGEMENT,Other Agencies,Agriculture,0
12B6,OFFICE OF ADMINISTRATIVE LAW JUDGE,Other Agencies,Agriculture,0
12B7,OFFICE OF THE JUDICIAL OFFICER,Other Agencies,Agriculture,0
12B8,BOARD OF CONTRACT APPEALS,Other Agencies,Agriculture,0
12B9,"POLICY, ANALYSIS, AND COORDINATION CENTER",Other Agencies,Agriculture,0
12BA,MANAGEMENT SUPPORT STAFF,Other Agencies,Agriculture,0
12BB,OFFICE OF OUTREACH,Other Agencies,Agriculture,0
12BC,OFFICE OF ADMINISTRATIVE SUPPORT,Other Agencies,Agriculture,0
12BD,OFFICE OF ETHICS,Other Agencies,Agriculture,0
12BE,"USDA, OFFICE OF MANAGEMENT SERVICES",Other Agencies,,0
12C0,UNDER SECRETARY FOR NATURAL RESOURCES AND ENVIRONMENT,Other Agencies,Agriculture,0
12C2,FOREST SERVICE,Other Agencies,Agriculture,0
12C3,NATURAL RESOURCES CONSERVATION SERVICE,Other Agencies,Agriculture,0
12CR,OFFICE OF CIVIL RIGHTS,Other Agencies,,0
12D0,UNDER SECRETARY FOR FARM AND FOREIGN AGRICULTURAL SERVICES,Other Agencies,Agriculture,0
12D2,FARM SERVICE AGENCY,Other Agencies,Agriculture,0
12D3,FOREIGN AGRICULTURAL SERVICE,Other Agencies,Agriculture,0
12D4,RISK MANAGEMENT AGENCY,Other Agencies,Agriculture,0
12E0,UNDER SECRETARY FOR RURAL DEVELOPMENT,Other Agencies,Agriculture,0
12E2,RURAL UTILITIES SERVICE,Other Agencies,Agriculture,0
12E3,RURAL HOUSING SERVICE,Other Agencies,Agriculture,0
12E4,RURAL BUSINESS COOPERATIVE SERVICE,Other Agencies,Agriculture,0
12E5,ALTERNATIVE AGRICULTURAL RESEARCH AND COMMERCIALIZATION CENTER,Other Agencies,Agriculture,0
12E6,"AGRICULTURE, DEPARTMENT OF",Other Agencies,Agriculture,0
12F0,"UNDER SECRETARY FOR FOOD, NUTRITION, AND CONSUMER SERVICES",Other Agencies,Agriculture,0
12F2,FOOD AND NUTRITION SERVICE,Other Agencies,Agriculture,0
12F3,CENTER FOR NUTRITION POLICY AND PROMOTION,Other Agencies,Agriculture,0
12G0,UNDER SECRETARY FOR FOOD SAFETY,Other Agencies,Agriculture,0
12G2,FOOD SAFETY AND INSPECTION SERVICE,Other Agencies,Agriculture,0
12H0,"UNDER SECRETARY FOR RESEARCH, EDUCATION, AND ECONOMICS",Other Agencies,Agriculture,0
12H2,AGRICULTURAL RESEARCH SERVICE,Other Agencies,Agriculture,0
12H3,"COOPERATIVE STATE RESEARCH, EDUCATION, AND EXTENSION SERVICE",Other Agencies,Agriculture,0
12H4,ECONOMIC RESEARCH SERVICE,Other Agencies,Agriculture,0
12H5,NATIONAL AGRICULTURAL STATISTICS SERVICE,Other Agencies,Agriculture,0
12J0,ASSISTANT SECRETARY FOR CONGRESSIONAL RELATIONS,Other Agencies,Agriculture,0
12J2,OFFICE OF CONGRESSIONAL AND INTERGOVERNMENTAL RELATIONS,Other Agencies,Agriculture,0
12J3,12J3,Other Agencies,,0
12K0,ASSISTANT SECRETARY FOR MARKETING AND REGULATORY PROGRAMS,Other Agencies,Agriculture,0
12K2,AGRICULTURAL MARKETING SERVICE,Other Agencies,Agriculture,0
12K3,ANIMAL AND PLANT HEALTH INSPECTION SERVICE,Other Agencies,Agriculture,0
12K4,"GRAIN INSPECTION, PACKERS AND STOCKYARDS ADMINISTRATION",Other Agencies,Agriculture,0
12KB,12KB,Other Agencies,,0
1300,"COMMERCE, DEPARTMENT OF",Other Agencies,Commerce,0
1301,OFFICE OF THE SECRETARY,Other Agencies,Commerce,0
1304,OFFICE OF THE INSPECTOR GENERAL,Other Agencies,Commerce,0
1314,ECONOMICS AND STATISTICS ADMINISTRATION/UNDER SECRETARY FOR ECONOMIC AFFAIRS,Other Agencies,,0
1316,BUREAU OF INDUSTRY AND SECURITY,,,
131E,ECONOMIC AFFAIRS,Other Agencies,Commerce,0
1321,BUREAU OF ECONOMIC ANALYSIS,Other Agencies,Commerce,0
1323,BUREAU OF THE CENSUS,Other Agencies,Commerce,0
1325,ECONOMIC DEVELOPMENT ADMINISTRATION,Other Agencies,Commerce,0
1330,NATIONAL OCEANIC AND ATMOSPHERIC ADMINISTRATION,Other Agencies,Commerce,0
1335,NATIONAL TELECOMMUNICATIONS AND INFORMATION ADMINISTRATION,Other Agencies,Commerce,0
133W,133W,Other Agencies,,0
1341,NATIONAL INSTITUTE OF STANDARDS AND TECHNOLOGY,Other Agencies,Commerce,0
1342,NATIONAL TECHNICAL INFORMATION SERVICE,Other Agencies,Commerce,0
1344,PATENT AND TRADEMARK OFFICE,Other Agencies,Commerce,0
1350,INTERNATIONAL TRADE ADMINISTRATION,Other Agencies,Commerce,0
1351,U.S. EXPORT ADMINISTRATION,Other Agencies,Commerce,0
1352,MINORITY BUSINESS DEVELOPMENT AGENCY,Other Agencies,Commerce,0
1354,1354,Other Agencies,,0
1355,U.S. TRAVEL AND TOURISM ADMINISTRATION,Other Agencies,Commerce,0
1359,TECHNOLOGY ADMINSTRATION,Other Agencies,Commerce,0
1400,"INTERIOR, DEPARTMENT OF THE",Other Agencies,Interior,0
1401,,,,
1402,OFFICE OF THE UNDER SECRETARY OF THE INTERIOR,Other Agencies,Interior,0
1403,OFFICE OF THE SOLICITOR,Other Agencies,Interior,0
1404,OFFICE OF THE INSPECTOR GENERAL,Other Agencies,Interior,0
1406,"OFFICE OF POLICY, MANAGEMENT, AND BUDGET",Other Agencies,Interior,0
1407,OFFICE OF CONGRESSIONAL AND LEGISLATIVE AFFAIRS,Other Agencies,Interior,0
1408,OFFICE OF PUBLIC AFFAIRS,Other Agencies,Interior,0
1409,OFFICE OF TERRITORIAL AND INTERNATIONAL AFFAIRS,Other Agencies,Interior,0
140S,OFFICE OF THE SECRETARY OF THE INTERIOR,Other Agencies,Interior,0
1410,OFFICE OF YOUTH PROGRAMS,Other Agencies,Interior,0
1411,OFFICE FOR EQUAL OPPORTUNITY,Other Agencies,Interior,0
1413,OFFICE OF HEARINGS AND APPEALS,Other Agencies,Interior,0
1414,EXECUTIVE SECRETARIAT,Other Agencies,Interior,0
1415,OFFICE OF THE SPECIAL TRUSTEE FOR AMERICAN INDIANS,Other Agencies,Interior,0
1416,INDIAN ARTS AND CRAFTS BOARD,Other Agencies,Interior,0
1417,OFFICE OF HISOTRICALLY BLACK COLLEGE AND UNIVERSITY PROGRAMS,Other Agencies,Interior,0
1418,OFFICE OF SMALL AND DISADVANTAGED BUSINESS UTILIZATION,Other Agencies,Interior,0
1422,BUREAU OF LAND MANAGEMENT,Other Agencies,Interior,0
1425,BUREAU OF RECLAMATION,Other Agencies,Interior,0
1428,NATIONAL BUSINESS CENTER,Other Agencies,,0
142F,FISH AND WILDLIFE AND PARKS,Other Agencies,Interior,0
142L,LAND AND MINERALS MANAGEMENT,Other Agencies,Interior,0
142N,INDIAN AFFAIRS,Other Agencies,Interior,0
142W,WATER AND SCIENCE,Other Agencies,Interior,0
1432,BUREAU OF MINES,Other Agencies,Interior,0
1434,GEOLOGICAL SURVEY,Other Agencies,Interior,0
1435,BUREAU OF OCEAN ENERGY MANAGEMENT,Other Agencies,Interior,0
1436,BUREAU OF SAFETY AND ENVIRONMENTAL ENFORCEMENT,Other Agencies,Interior,0
1438,"OFFICE OF SURFACE MINING, RECLAMATION AND ENFORCEMENT",Other Agencies,Interior,0
1443,NATIONAL PARK SERVICE,Other Agencies,Interior,0
1445,NATIONAL BIOLOGICAL SURVEY,Other Agencies,Interior,0
1448,U.S. FISH AND WILDLIFE SERVICE,Other Agencies,Interior,0
1450,BUREAU OF INDIAN AFFAIRS,Other Agencies,Interior,0
1460,BOARD ON GEOGRAPHIC NAMES,Other Agencies,Interior,0
1461,MIGRATORY BIRD CONSERVATION COMMISSION,Other Agencies,Interior,0
1462,NORTHERN MARIANA ISLANDS COMMISSION OF FEDERAL LAWS,Other Agencies,Interior,0
1464,IL AND MI CANAL NATIONAL HERITAGE CORRIDOR COMMISSION,Other Agencies,Interior,0
1465,METROPOLITAN RIVER CORRIDORS STUDY COMMITTEE,Other Agencies,Interior,0
1467,UTAH RECLAMATION MITIGATION AND CONSERVATION COMMISSION,Other Agencies,,0
1469,NATIONAL INDIAN GAMING COMMISSION,Other Agencies,Interior,0
1484,1484,Other Agencies,,0
1500,"JUSTICE, DEPARTMENT OF",Other Agencies,Justice,0
1501,"OFFICES, BOARDS AND DIVISIONS",Other Agencies,Justice,0
1504,OFFICE OF THE INSPECTOR GENERAL,Other Agencies,Justice,0
1521,1521,Other Agencies,,0
1524,DRUG ENFORCEMENT ADMINISTRATION,Other Agencies,Justice,0
1526,EXEC OFF FOR U.S. ATTORNEYS AND THE OFFICES OF U.S. ATTORNEYS,Other Agencies,Justice,0
1528,IMMIGRATION AND NATURALIZATION SERVICE,Other Agencies,Justice,0
1530,EXECUTIVE OFFICE FOR IMMIGRATION REVIEW,Other Agencies,Justice,0
1532,1532,Other Agencies,,0
1535,COMMUNITY RELATIONS SERVICE,Other Agencies,Justice,0
1540,FEDERAL PRISON SYSTEM,Other Agencies,Justice,0
1542,FEDERAL PRISON INDUSTRIES / UNICOR,Other Agencies,Justice,0
1544,U.S. MARSHALS SERVICE,Other Agencies,Justice,0
1549,FEDERAL BUREAU OF INVESTIGATION,Other Agencies,Justice,0
1550,OFFICE OF JUSTICE PROGRAMS,Other Agencies,Justice,0
1555,U.S. TRUSTEE SYSTEM,Other Agencies,Justice,0
1560,ATF ACQUISITION AND PROPERTY MGMT DIV,Other Agencies,Justice,0
1600,"LABOR, DEPARTMENT OF",Other Agencies,Labor,0
1601,IMMEDIATE OFFICE OF THE SECRETARY OF LABOR,Other Agencies,Labor,0
1602,PENSION BENEFIT GUARANTY CORPORATION (DOL),,,
1603,OFFICE OF THE SOLICITOR,Other Agencies,Labor,0
1604,OFFICE OF INSPECTOR GENERAL,Other Agencies,Labor,0
1605,OFFICE OF THE ASSISTANT SECRETARY FOR ADMIN AND MANAGEMENT,Other Agencies,Labor,0
1606,OFFICE OF THE ASSISTANT SECRETARY FOR POLICY,Other Agencies,Labor,0
1607,OFF OF THE DEPUTY UNDER SECRETARY FOR CONGRESSIONAL AFFAIRS,Other Agencies,Labor,0
1608,OFFICE OF INFORMATION AND PUBLIC AFFAIRS,Other Agencies,Labor,0
1609,BUREAU OF INTERNATIONAL LABOR AFFAIRS,Other Agencies,Labor,0
160S,OFFICE OF THE SECRETARY OF LABOR,Other Agencies,Labor,0
160U,OFFICE OF THE UNDER SECRETARY OF LABOR,Other Agencies,Labor,0
1610,WAGE APPEALS BOARD,Other Agencies,Labor,0
1613,OFFICE OF ADMINISTRATIVE LAW JUDGES,Other Agencies,Labor,0
1614,"OFF OF THE DEPUTY UNDER SEC FOR PUB AND INTERGOV""TL AFFAIRS",Other Agencies,Labor,0
1615,BENEFITS REVIEW BOARD,Other Agencies,Labor,0
1616,EMPLOYEES COMPENSATION APPEALS BOARD,Other Agencies,Labor,0
1617,ADMINISTRATIVE REVIEW BOARD,Other Agencies,Labor,0
1618,OFFICE OF SMALL AND DISADVANTAGED BUSINESS UTILIZATION,Other Agencies,Labor,0
1619,,,,
1620,OFFICE OF 21ST CENTURY WORKFORCE,Other Agencies,,0
1621,EMPLOYEE BENEFITS SECURITY ADMINISTRATION,Other Agencies,Labor,0
1622,OFFICE OF THE CHIEF FINANCIAL OFFICER,Other Agencies,Labor,0
1625,BUREAU OF LABOR STATISTICS,Other Agencies,Labor,0
1630,EMPLOYMENT AND TRAINING ADMINISTRATION,Other Agencies,Labor,0
1631,OFFICE OF JOB CORPS,Other Agencies,Labor,0
1635,EMPLOYMENT STANDARDS ADMINISTRATION,Other Agencies,Labor,0
1636,WAGE AND HOUR DIVISION,Other Agencies,,0
1637,OFFICE OF FEDERAL CONTRACT COMPLIANCE PROGRAM,Other Agencies,,0
1638,OFFICE OF WORKERS COMPENSATION PROGRAM,Other Agencies,,0
1639,1639,Other Agencies,,0
1642,OFF OF THE DEPUTY UNDER SEC FOR LABOR-MGMT RELATIONS & COOP,Other Agencies,Labor,0
1643,OFFICE OF LABOR-MANAGEMENT STANDARDS,Other Agencies,Labor,0
1645,MINE SAFETY AND HEALTH ADMINISTRATION,Other Agencies,Labor,0
1650,OCCUPATIONAL SAFETY AND HEALTH ADMINISTRATION,Other Agencies,Labor,0
1653,VETERANS EMPLOYMENT AND TRAINING SERVICES,Other Agencies,Labor,0
1655,WOMEN'S BUREAU,Other Agencies,Labor,0
1663,NATIONAL COMMISSION FOR EMPLOYMENT POLICY,Other Agencies,Labor,0
1665,PENSION BENEFIT GUARANTY CORPORATION,Other Agencies,Labor,0
1667,PRESIDENT'S COMMITTEE ON EMPLOYMENT OF THE HANDICAPPED,Other Agencies,Labor,0
1668,PRESIDENTIAL TASK FORCE ON EMPLOYMENT OF ADULTS WITH DISABILITIES,Other Agencies,Labor,0
1669,NATIONAL OCCUPATIONAL INFORMATION COORDINATING COMMITTEE,Other Agencies,Labor,0
1670,1670,Other Agencies,,0
17,0,,,
17-5,17-5,Defense,Navy,1
1700,DEPT OF THE NAVY,Defense,Navy,1
1708,IMMEDIATE OFFICE OF THE SECRETARY OF THE NAVY,Defense,Navy,1
1709,NAVY STAFF OFFICES,Defense,Navy,1
1710,NAVY FIELD OFFICES,Defense,Navy,1
1711,IMMEDIATE OFFICE OF THE CHIEF OF NAVAL OPERATIONS,Defense,Navy,1
1712,NAVY SECRETARIAT/STAFF OFFICES,Defense,Navy,1
1714,OFFICE OF NAVAL RESEARCH,Defense,Navy,1
1715,NAVAL INTELLIGENCE COMMAND,Defense,Navy,1
1718,NAVAL MEDICAL COMMAND,Defense,Navy,1
1719,NAVAL AIR SYSTEMS COMMAND,Defense,Navy,1
1722,BUREAU OF NAVAL PERSONNEL,Defense,Navy,1
1723,NAVAL SUPPLY SYSTEMS COMMAND,Defense,Navy,1
1724,NAVAL SEA SYSTEMS COMMAND,Defense,Navy,1
1725,NAVAL FACILITIES ENGINEERING COMMAND,Defense,Navy,1
1727,U.S. MARINE CORPS,Defense,Navy,1
1730,SPECIAL PROJECTS OFFICE,Defense,Navy,1
1733,MILITARY SEALIFT COMMAND,Defense,Navy,1
1739,NAVAL SPACE AND WARFARE SYSTEMS COMMAND,Defense,Navy,1
1760,"U.S. ATLANTIC FLEET, COMMANDER IN CHIEF",Defense,Navy,1
1761,"U.S. NAVAL FORCES, EUROPE",Defense,Navy,1
1762,NAVAL EDUCATION AND TRAINING COMMAND,Defense,Navy,1
1763,NAVAL COMPUTER AND TELECOMMUNICATIONS COMMAND,Defense,Navy,1
1765,NAVAL OCEANOGRAPHY COMMAND,Defense,Navy,1
1767,1767,Defense,Navy,1
1769,NAVAL SECURITY GROUP COMMAND,Defense,Navy,1
1770,"U.S. PACIFIC FLEET, COMMANDER IN CHIEF",Defense,Navy,1
1772,NAVAL RESERVE FORCE,Defense,Navy,1
1774,NAVAL SPECIAL WARFARE COMMAND,Defense,Navy,1
1788,COPE,Defense,Navy,1
1791,NAVAL AIR WARFARE CENTER AIRCRAFT,Defense,Navy,1
1795,DEPARTMENT OF NAVY,Defense,Navy,1
17ZS,U.S. SPECIAL OPERATIONS COMMAND (NAVY),Defense,Navy,1
1800,POSTAL SERVICE,Other Agencies,All Other Customers,0
1801,SOUTHERN DIV,Defense,,1
1802,ACCTG DISB STA NR 660700,Defense,,1
1803,DEFENSE FINANCE AND ACCOUNTING SERV,Defense,,1
1804,ACCTG DISB STA NR 525700,Defense,,1
1805,ACCTG DISB STA NR 525700,Defense,,1
1806,DFAS COLUMBUS CENTER,Defense,,1
1807,ACCTG DISB STA NR 525700,Defense,,1
1808,DEFENSE FINANCE AND ACCOUNTING SERV,Defense,,1
1809,AMERICAN RED CROSS,Defense,,1
1810,DEPARTMENT OF JUSTICE,,,
1812,ACCTG DISB STA NR 525700,Defense,,1
1813,DEFENSE FINANCE AND ACCOUNTING SERV,Defense,,1
1814,STARS FUNDING ONLY,Defense,,1
190,190,,,
1900,"STATE, DEPARTMENT OF",State and IAP,State,0
1901,IMMEDIATE OFFICE OF THE SECRETARY OF STATE,State and IAP,State,0
1902,OFFICE OF THE DEPUTY SECRETARY OF STATE,State and IAP,State,0
1903,OFFICE OF THE LEGAL ADVISER,State and IAP,State,0
1904,OFFICE OF THE INSPECTOR GENERAL,State and IAP,State,0
1905,OFFICE OF THE UNDER SECRETARY FOR MANAGEMENT,State and IAP,State,0
1906,POLICY PLANNING COUNCIL,State and IAP,State,0
1907,BUREAU OF LEGISLATIVE AND INTERGOVERNMENTAL AFFAIRS,State and IAP,State,0
1908,OFFICE OF POLICY AND PROGRAM REVIEW,State and IAP,State,0
1910,OFFICE OF PROTOCOL,State and IAP,State,0
1913,OFFICE OF THE UNDER SECRETARY FOR POLITICAL AFFAIRS,State and IAP,State,0
1914,OFFICE OF THE UNDER SEC FOR ECON AND AGRICULTURAL AFFAIRS,State and IAP,State,0
1915,OFF OF THE UNDER SEC FOR SECURITY ASST. SCIENCE & TECH,State and IAP,State,0
1916,COUNSELOR OF THE DEPARTMENT OF STATE,State and IAP,State,0
1917,OFFICE OF EXECUTIVE SECRETARIAT,State and IAP,State,0
1921,BUREAU OF AFRICAN AFFAIRS,State and IAP,State,0
1923,BUREAU OF EAST ASIAN AND PACIFIC AFFAIRS,State and IAP,State,0
1925,BUREAU OF EUROPEAN AND CANADIAN AFFAIRS,State and IAP,State,0
1927,BUREAU OF INTER-AMERICAN AFFAIRS,State and IAP,State,0
1929,BUREAU OF NEAR EASTERN AND SOUTH ASIAN AFFAIRS,State and IAP,State,0
1930,BUREAU OF CONSULAR AFFAIRS,State and IAP,State,0
1933,BUREAU OF ECONOMIC AND BUSINESS AFFAIRS,State and IAP,State,0
1936,BUREAU OF HUMAN RIGHTS HUMANITARIAN AFFAIRS,State and IAP,State,0
1937,BUREAU OF ADMINISTRATION,State and IAP,State,0
1938,BUREAU OF DIPLOMATIC SECURITY,State and IAP,State,0
1939,BUREAU OF INTELLIGENCE AND RESEARCH,State and IAP,State,0
1942,BUREAU OF INTERNATIONAL NARCOTICS MATTERS,State and IAP,State,0
1943,OFFICE OF INFORMATION RESOURCES MANAGEMENT,State and IAP,,0
1945,BUREAU OF INTERNATIONAL ORGANIZATION AFFAIRS,State and IAP,State,0
1948,BUREAU OF OCEANS & INTL ENVIRONMENTAL & SCIENTIFIC AFFAIRS,State and IAP,State,0
1950,BUREAU OF POLITICO-MILITARY AFFAIRS,State and IAP,State,0
1952,BUREAU OF PUBLIC AFFAIRS,State and IAP,State,0
1953,BUREAU OF EDUCATIONAL AND CULTURAL AFFAIRS,State and IAP,,0
1954,BUREAU OF REFUGEE PROGRAMS,State and IAP,State,0
1956,ASSISTANT SECRETARY FOR VERIFICATION AND COMPLIANCE,State and IAP,,0
1958,OFFICE OF U.S. AMBASSADOR TO THE UNITED NATIONS,State and IAP,State,0
1961,U.S. NATIONAL COMMISSION FOR UNESCO,State and IAP,State,0
1963,DFAS ROME,Defense,,1
1965,DFAS INDIANAPOLIS CENTER,Defense,,1
1966,ARMY CORPS OF ENGINEERS CIVIL WORKS,Defense,Army,1
1967,DFAS LAWTON,Defense,,1
1968,DEPARTMENT OF THE ARMY,Defense,,1
1969,DFAS INDIANAPOLIS CENTER,Defense,,1
1979,ACCTG DISB STA NR 525700,Defense,,1
1980,DFAS SAN ANTONIO,Defense,,1
1983,DFAS INDIANAPOLIS CENTER,Defense,,1
1988,DFAS LAWTON,Defense,,1
1990,ACCTG DISB STA NR 660700,Defense,,1
1991,AMERICAN INSTITUTE IN TAIWAN,State and IAP,,0
1993,ASIS FOUNDATION,State and IAP,,0
1994,DFAS INDIANAPOLIS CENTER,Defense,,1
1995,ACCTG DISB STA NR 525700,Defense,,1
1996,DFAS INDIANAPOLIS CENTER,Defense,,1
1997,XR HQ USMEPCOM,Defense,,1
1998,DFAS-SL-EC,Defense,,1
19AA,INTER-AMERICAN INSTITUTE FOR COOPERATION ON AGRICULTURE,State and IAP,State,0
19AG,PAN-AMERICAN INSTITUTE OF GEOGRAPHY AND HISTORY,State and IAP,State,0
19AH,PAN-AMERICAN HEALTH ORGANIZATION,State and IAP,State,0
19AN,INTER-AMERICAN INDIAN INSTITUTE,State and IAP,State,0
19AR,PAN-AMERICAN RAILWAY CONGRESS ASSOCIATION,State and IAP,State,0
19AS,ORGANIZATION OF AMERICAN STATES,State and IAP,State,0
19BC,INTERNATIONAL BOUNDARY COMMISSION: U.S. AND CANADA,State and IAP,State,0
19BJ,INTERNATIONAL JOINT COMMISSION: U.S. AND CANADA,State and IAP,State,0
19BM,INTERNATIONAL BOUNDARY AND WATER COMMISSION: U.S.-MEXICO,State and IAP,State,0
19CB,INTERNATIONAL NATURAL RUBBER ORGANIZATION,State and IAP,State,0
19CC,INTERNATIONAL COTTON ADVISORY COMMITTEE,State and IAP,State,0
19CF,INTERNATIONAL COFFEE ORGANIZATION,State and IAP,State,0
19CJ,INTERNATIONAL JUTE ORGANIZATION,State and IAP,State,0
19CL,INTERNATIONAL LEAD AND ZINC STUDY GROUP,State and IAP,State,0
19CR,INTERNATIONAL RUBBER STUDY GROUP,State and IAP,State,0
19CS,INTERNATIONAL SUGAR ORGANIZATION,State and IAP,State,0
19CV,INTERNATIONAL OFFICE OF VINE AND WINE,State and IAP,State,0
19CW,INTERNATIONAL WHEAT COUNCIL,State and IAP,State,0
19EC,INTERNATIONAL AGENCY FOR RESEARCH ON CANCER,State and IAP,State,0
19EM,INTERNATIONAL BUREAU OF WEIGHTS AND MEASURES,State and IAP,State,0
19EP,INTERNATL CENTER FOR THE STUDY OF THE PRESERVATION & RESTORA,State and IAP,State,0
19ES,INTERNATIONAL SEED TESTING ASSOCIATION,State and IAP,State,0
19EV,INTERNATL UNION FOR PROTECTION OF NEW VARIETIES OF PLANTS,State and IAP,State,0
19EZ,INTERNATIONAL OFFICE OF EPIZOOTICS,State and IAP,State,0
19FA,NORTH ATLANTIC SALMON CONSERVATION ORGANIZATION,State and IAP,State,0
19FE,INTERNATIONAL COUNCIL FOR THE EXPLORATION OF THE SEA,State and IAP,State,0
19FF,NORTH PACIFIC FUR SEAL COMMISSION,State and IAP,State,0
19FG,GREAT LAKES FISHERY COMMISSION,State and IAP,State,0
19FH,INTERNATIONAL PACIFIC HALIBUT COMMISSION,State and IAP,State,0
19FL,INTERNATL COMM FOR THE CONSERVATION OF ATLANTIC TUNAS,State and IAP,State,0
19FN,NORTHWEST ATLANTIC FISHERIES ORGANIZATION,State and IAP,State,0
19FP,INTERNATIONAL NORTH PACIFIC FISHERIES COMMISSION,State and IAP,State,0
19FR,COMM FOR THE CONSERVATION OF ANTARCTIC MARINE LIVING RSRCS,State and IAP,State,0
19FT,INTER-AMERICAN TROPICAL TUNA COMMISSION,State and IAP,State,0
19FW,INTERNATIONAL WHALING COMMISSION,State and IAP,State,0
19LA,INTERNATIONAL BUREAU OF THE PERMANENT COURT OF ARBITRATION,State and IAP,State,0
19LH,HAGUE CONFERENCE ON PRIVATE INTERNATIONAL LAW,State and IAP,State,0
19LM,INTERNATIONAL ORGANIZATION FOR LEGAL METROLOGY,State and IAP,State,0
19LU,INTERNATIONAL INSTITUTE FOR THE UNIFICATION OF PRIVATE LAW,State and IAP,State,0
19MC,U.N. MEMORIAL CEMETARY COMMISSION,State and IAP,State,0
19ME,INTERGOVERNMENTAL COMMITTEE FOR MIGRATION,State and IAP,State,0
19MR,INTERNATIONAL COMMITTEE OF THE RED CROSS,State and IAP,State,0
19NH,INTERNATIONAL HYDROGRAPHIC ORGANIZATION,State and IAP,State,0
19NL,INTERNATL AGREEMENT REGARDING MAINTENANCE OF CERTAIN LIGHTS,State and IAP,State,0
19PC,CANADA-UNITED STATES INTERPARLIAMENTARY GROUP,State and IAP,State,0
19PM,MEXICO-UNITED STATES INTERPARLIAMENTARY GROUP,State and IAP,State,0
19PU,INTERPARLIAMENTARY UNION,State and IAP,State,0
19RA,NORTH ATLANTIC ASSEMBLY,State and IAP,State,0
19RC,COLUMBO PLAN COUNCIL FOR TECHNICAL COOPERATION,State and IAP,State,0
19RE,ORGANIZATION FOR ECONOMIC COOPERATION AND DEVELOPMENT,State and IAP,State,0
19RN,NORTH ATLANTIC TREATY ORGANIZATION,State and IAP,State,0
19RP,SOUTH PACIFIC COMMISSION,State and IAP,State,0
19TC,CUSTOMS COOPERATION COUNCIL,State and IAP,State,0
19TP,INTERNATIONAL BUREAU FOR THE PUBLICATION OF CUSTOMS TARIFFS,State and IAP,State,0
19TT,GENERAL AGREEMENT ON TARIFFS AND TRADE,State and IAP,State,0
19TW,WORLD TOURISM ORGANIZATION,State and IAP,State,0
19TX,BUREAU OF INTERNATIONAL EXPOSITIONS,State and IAP,State,0
19UA,INTERNATIONAL CIVIL AVIATION ORGANIZATION,State and IAP,State,0
19UE,INTERNATIONAL ATOMIC ENERGY AGENCY,State and IAP,State,0
19UF,FOOD AND AGRICULTURE ORGANIZATION,State and IAP,State,0
19UG,INTERNATIONAL MARITIME ORGANIZATION,State and IAP,State,0
19UH,WORLD HEALTH ORGANIZATION,State and IAP,State,0
19UL,INTERNATIONAL LABOR ORGANIZATION,State and IAP,State,0
19UM,WORLD METEOROLOGICAL ORGANIZATION,State and IAP,State,0
19UN,UNITED NATIONS (AND SPECIAL PROGRAMS),State and IAP,State,0
19UP,UNIVERSAL POSTAL UNION,State and IAP,State,0
19UT,INTERNATIONAL TELECOMMUNICATIONS UNION,State and IAP,State,0
19UW,WORLD INTELLECTUAL PROPERTY ORGANIZATION,State and IAP,State,0
2000,"TREASURY, DEPARTMENT OF THE",Other Agencies,Treasury,0
2001,DEPARTMENTAL OFFICES,Other Agencies,Treasury,0
2002,DFAS INDIANAPOLIS CENTER,Other Agencies,Treasury,0
2003,OFFICE OF THE GENERAL COUNSEL,Other Agencies,Treasury,0
2004,INSPECTOR GENERAL,Other Agencies,Treasury,0
2005,OFFICE OF THE ASSISTANT SECRETARY (MANAGEMENT),Other Agencies,Treasury,0
2006,OFFICE OF THE ASSISTANT SECRETARY (ECONOMIC POLICY),Other Agencies,Treasury,0
2007,OFFICE OF THE ASSISTANT SECRETARY (LEGISLATIVE AFFAIRS),Other Agencies,Treasury,0
2008,OFF OF THE ASST SEC (PUBLIC AFFAIRS AND PUBLIC LIAISON),Other Agencies,Treasury,0
2009,OFFICE OF THE ASSISTANT SECRETARY (INTERNATIONAL AFFAIRS),Other Agencies,Treasury,0
2011,ACCTG DISB STA NR 660700,Other Agencies,Treasury,0
2014,OFFICE OF THE INSPECTOR GENERAL FOR TAX ADMINISTRATION,Other Agencies,Treasury,0
2015,DFAS-SL-EC,Other Agencies,Treasury,0
2017,OFFICE OF THE ASSISTANT SECRETARY (TAX POLICY),Other Agencies,Treasury,0
2019,DFAS INDIANAPOLIS CENTER,Other Agencies,Treasury,0
2020,IMMED OFF OF THE ASST SEC (ENFORCEMENT AND OPERATIONS),Other Agencies,Treasury,0
2022,ALCOHOL AND TOBACCO TAX AND TRADE BUREAU,Other Agencies,Treasury,0
2024,FEDERAL LAW ENFORCEMENT TRAINING CENTER,Other Agencies,Treasury,0
2025,DEPARTMENT OF JUSTICE,Other Agencies,Treasury,0
2026,FINANCIAL CRIME ENFORCEMENT NETWORK,Other Agencies,Treasury,0
2027,ACCTG DISB STA NR 503000,Other Agencies,Treasury,0
2028,U.S. SECRET SERVICE,Other Agencies,Treasury,0
2029,DFAS ROME,Other Agencies,Treasury,0
202E,OFFICE OF ENFORCEMENT AND OPERATIONS,Other Agencies,Treasury,0
202M,OFFICE OF MONETARY AFFAIRS,Other Agencies,Treasury,0
202T,OFFICE OF THE TREASURER OF THE UNITED STATES,Other Agencies,Treasury,0
2030,IMMEDIATE OFFICE OF THE UNDER SECRETARY FOR MONETARY AFFAIRS,Other Agencies,Treasury,0
2031,IMMEDIATE OFFICE OF THE FISCAL ASSISTANT SECRETARY,Other Agencies,Treasury,0
2032,OFFICE OF THE ASSISTANT SECRETARY (DOMESTIC FINANCE),Other Agencies,Treasury,0
2033,FINANCIAL MANAGEMENT SERVICE,Other Agencies,Treasury,0
2035,2035,Other Agencies,,0
2036,BUREAU OF THE FISCAL SERVICE,Other Agencies,Treasury,0
2037,IMMED OFFICE OF THE DEPUTY ASSISTANT SECRETARY (ENFORCEMENT),Other Agencies,Treasury,0
2038,OFFICE OF FOREIGN ASSETS CONTROL,Other Agencies,Treasury,0
2039,OFFICE OF THE DEPUTY ASSISTANT SECRETARY (OPERATIONS),Other Agencies,Treasury,0
203F,OFFICE OF THE FISCAL ASSISTANT SECRETARY,Other Agencies,Treasury,0
203N,OFFICE OF THE DEPUTY ASSISTANT SECRETARY (ENFORCEMENT),Other Agencies,Treasury,0
2040,IMMEDIATE OFFICE OF TREASURER OF THE UNITED STATES,Other Agencies,Treasury,0
2041,BUREAU OF ENGRAVING AND PRINTING,Other Agencies,Treasury,0
2044,UNITED STATES MINT,Other Agencies,Treasury,0
2046,OFFICE OF THE COMPTROLLER OF THE CURRENCY,Other Agencies,Treasury,0
2047,OFFICE OF THRIFT SUPERVISION,Other Agencies,Treasury,0
2048,U.S. SAVINGS BONDS DIVISION,Other Agencies,Treasury,0
2050,INTERNAL REVENUE SERVICE,Other Agencies,Treasury,0
2061,FEDERAL FINANCING BANK,Other Agencies,Treasury,0
2062,FEDERAL FINANCIAL INSTITUTIONS EXAMINATION COUNCIL,Other Agencies,Treasury,0
2065,NAT ADVISORY COUNCIL ON INTERNATL MONETARY AND FINANCIAL POL,Other Agencies,Treasury,0
2066,COMMUNITY DEVELOPMENT FINANCIAL INSTITUTIONS,Other Agencies,Treasury,0
2083,SPECIAL INSPECTOR GENERAL FOR THE TROUBLED ASSET RELIEF PROGRAM,Other Agencies,Treasury,0
2092,CORPORATION FOR PUBLIC BROADCASTING,Other Agencies,Treasury,0
2093,DISTRICT OF COLUMBIA,Other Agencies,Treasury,0
2095,LEGAL SERVICES CORPORATION,Other Agencies,Treasury,0
2098,NEW YORK CITY,Other Agencies,Treasury,0
20LP,INTERNATIONAL CRIMINAL POLICE ORGANIZATION (INTERPOL),Other Agencies,Treasury,0
2100,DEPT OF THE ARMY,Defense,Army,1
2130,NATIONAL GUARD BUREAU,Defense,Army,1
2135,DEPT OF JUSTICE  US MARSHALS SVC,Defense,Army,1
2145,XU HQ US ARMY FORT DIX,Defense,Army,1
2157,ACCTG DISB STA NR 503000,Defense,Army,1
21AE,ACQUISITION EXECUTIVE SUPPORT AGENCY,Defense,Army,1
21AS,U.S. ARMY INTELLIGENCE AND SECURITY COMMAND,Defense,Army,1
21CB,U.S. ARMY CRIMINAL INVESTIGATION COMMAND,Defense,Army,1
21CE,"U.S. ARMY CORPS OF ENGINEERS, EXCEPT CIVIL PROGRAM FINANCING",Defense,Army,1
21CS,OFFICE OF THE CHIEF OF STAFF OF THE ARMY,Defense,Army,1
21CZ,U.S. ARMY INFORMATION SYSTEMS COMMAND,Defense,Army,1
21E1,IMMED OFF OF THE CDR-IN-CHIEF OF U.S. ARMY EUROPE AND 7TH ARMY,Defense,Army,1
21E2,21ST THEATER ARMY AREA COMMAND,Defense,Army,1
21E5,U.S. ARMY V CORPS,Defense,Army,1
21EB,1ST PERSONNEL COMMAND,Defense,Army,1
21ED,"U.S. MIL COMM ACT, HEIDELBERG",Defense,Army,1
21EN,SEVENTH ARMY TRAINING COMMAND,Defense,Army,1
21FC,U.S. ARMY FORCES COMMAND,Defense,Army,1
21GB,OFFICE OF THE CHIEF OF THE NATIONAL GUARD BUREAU,Defense,Army,1
21HR,U.S. ARMY RESERVE COMMAND,Defense,Army,1
21HS,U.S. ARMY HEALTH SERVICES COMMAND,Defense,Army,1
21J1,U.S. ARMY ELEMENT SHAPE,Defense,Army,1
21JA,JOINT ACTIVITIES,Defense,Army,1
21MA,U.S. MILITARY ACADEMY,Defense,Army,1
21MC,U.S. ARMY MEDICAL COMMAND,Defense,Army,1
21MD,SURGEON GENERAL,Defense,Army,1
21MP,U.S. TOTAL ARMY PERSONNEL COMMAND,Defense,Army,1
21MT,MILITARY TRAFFIC MANAGEMENT COMMAND,Defense,Army,1
21MW,U.S. ARMY MILITARY DISTRICT OF WASHINGTON,Defense,Army,1
21NG,ARMY NATIONAL GUARD UNITS (TITLE 32),Defense,Army,1
21P1,"U.S. ARMY, PACIFIC",Defense,Army,1
21PC,MILITARY ENTRANCE PROCESSING COMMAND,Defense,Army,1
21RC,U.S. ARMY RECRUITING COMMAND,Defense,Army,1
21SA,OFFICE OF THE SECRETARY OF THE ARMY,Defense,Army,1
21SB,FIELD OPERATING OFFICES OF THE OFFICE OF THE SECRETARY OF THE ARMY,Defense,Army,1
21SC,U.S. ARMY SPACE AND STRATEGIC DEFENSE COMMAND,Defense,Army,1
21SE,FIELD OPERATING AGENCIES OF THE ARMY STAFF RESOURCED THRU DA-22,Defense,Army,1
21SF,FIELD OPERATING AGENCIES OF THE ARMY STAFF,Defense,Army,1
21SJ,JOINT SERVICES AND ACTIVITIES SUPPORTED BY OFC OF THE SECY OF THE ARMY,Defense,Army,1
21SP,U.S. SPECIAL OPERATION COMMAND (ARMY),Defense,Army,1
21SS,"STAFF SUPPORT AGENCIES OF THE CHIEF OF STAFF, ARMY",Defense,Army,1
21SU,U.S. ARMY SOUTHERN COMMAND,Defense,Army,1
21TC,U.S. ARMY TRAINING AND DOCTRINE COMMAND,Defense,Army,1
21X1,U.S. ARMY MATERIEL COMMAND (AMC),Defense,Army,1
21X2,"HEADQUARTERS, ARMY MATERIEL COMMAND",Defense,Army,1
21X3,"HEADQUARTERS, STAFF SUPPORT ACTIVITIES, AMC",Defense,Army,1
21X5,"U.S. ARMY MATERIEL COMMAND, ALL OTHERS",Defense,Army,1
21X6,U.S. ARMY MISSILE COMMAND,Defense,Army,1
21X7,U.S. ARMY TANK AUTOMOTIVE AND ARMAMENT COMMAND(TACOM),Defense,Army,1
21X8,U.S. ARMY COMMUNICATIONS ELECTRONICS COMMAND,Defense,Army,1
21X9,"U.S. ARMY SIMULATION, TRAINING AND INSTRUMENTATION COMMAND",Defense,Army,1
21XA,U.S. ARMY CHEMICAL AND BIOLOGICAL DEFENSE COMMAND,Defense,Army,1
21XB,U.S. ARMY AVIATION AND TROOP COMMAND,Defense,Army,1
21XC,U.S. ARMY SOLDIERS SYSTEM COMMAND (SSC),Defense,Army,1
21XD,U.S. ARMY RESEARCH LABORATORY COMMAND,Defense,Army,1
21XL,MATERIEL ACQUISITION PROJECT MANAGERS,Defense,Army,1
21XM,U.S. ARMY TEST AND EVALUATION COMMAND,Defense,Army,1
21XQ,U.S. ARMY INDUSTRIAL OPERATIONS COMMAND (IOC),Defense,Army,1
21XR,U.S. ARMY TROOP SUPPORT COMMAND,Defense,Other DoD,1
2201,RESOLUTION TRUST CORPORATION,Other Agencies,All Other Customers,0
2300,U.S. TAX COURT,Other Agencies,All Other Customers,0
2365,2365,,,
2400,OFFICE OF PERSONNEL MANAGEMENT,Other Agencies,OFFICE OF PERSONNEL MANAGEMENT,0
2460,FEDERAL PREVAILING RATE ADVISORY COMMITTEE,Other Agencies,All Other Customers,0
2461,PRESIDENT'S COMMISSION ON WHITE HOUSE FELLOWSHIPS,Other Agencies,All Other Customers,0
2462,PRESIDENT'S COMMISSION ON EXECUTIVE EXCHANGE,Other Agencies,All Other Customers,0
24V4,"FEDERAL EXECUTIVE BOARD-NEWARK, NJ",Other Agencies,,0
2500,NATIONAL CREDIT UNION ADMINISTRATION,Other Agencies,All Other Customers,0
2525,ARMY CORPS OF ENGINEERS CIVIL WORKS,Defense,Army,1
2528,NATIONAL IMAGERY AND MAPPING AGENCY,Defense,,1
2529,FG7016 FWF ISSO RM,Defense,,1
2532,ACCTG DISB STA NR 672300,Defense,,1
2534,DFAS COLUMBUS CENTER,Defense,,1
2535,OTHER DEPARTMENT OF DEFENSE,Defense,,1
2536,ACCTG DISB STA NR 843055,Defense,,1
2538,ACCTG DISB STA NR 525700,Defense,,1
2540,ACCTG DISB STA NR 525700,Defense,,1
2542,DFAS COLUMBUS CENTER,Defense,,1
2544,ACCTG DISB STA NR 525700,Defense,,1
2546,AMERICAN FORCES INFORMATION SERVICE,Defense,,1
2547,DOT/FAA/AVN-20,Defense,,1
2550,DEPARTMENT OF DEFENSE,Defense,,1
2553,DEPARTMENT OF NAVY,Defense,,1
2554,ACCTG DISB STA NR 525700,Defense,,1
2557,CLERK TEMPORARY EMERGENCY,Defense,,1
2569,DFAS COLUMBUS CENTER,Defense,,1
2571,DFAS COLUMBUS CENTER,Defense,,1
2600,FEDERAL RETIREMENT THRIFT INVESTMENT BOARD,Other Agencies,All Other Customers,0
2638,DFAS INDIANAPOLIS CENTER,Defense,,1
2640,ACCTG DISB STA NR 662400,Defense,,1
2641,ACCTG DISB STA NR 503000,Defense,,1
2644,ACCTG DISB STA NR 525700,Defense,,1
2645,ACCTG DISB STA NR 660700,Defense,,1
2648,ACCTG DISB STA NR 503000,Defense,,1
2650,ACCTG DISB STA NR 525700,Defense,,1
2651,DFAS INDIANAPOLIS CENTER,Defense,,1
2652,ACCTG DISB STA NR 660700,Defense,,1
2655,ACCTG DISB STA NR 503000,Defense,,1
2657,ACCTG DISB STA NR 525700,Defense,,1
2660,ACCTG DISB STA NR 525700,Defense,,1
2662,ACCTG DISB STA NR 503000,Defense,,1
2664,ACCTG DISB STA NR 503000,Defense,,1
2666,DFAS ORLANDO,Defense,,1
2670,ACCTG DISB STA NR 660700,Defense,,1
2671,DFAS ROME,Defense,,1
2673,DFAS INDIANAPOLIS CENTER,Defense,,1
2675,ACCTG DISB STA NR 667100,Defense,,1
2700,FEDERAL COMMUNICATIONS COMMISSION,Other Agencies,All Other Customers,0
2800,SOCIAL SECURITY ADMINISTRATION,Other Agencies,All Other Customers,0
2804,OFFICE OF THE INSPECTOR GENERAL,Other Agencies,All Other Customers,0
2805,"DEPUTY COMMISSIONER - FINANCE, ASSESSMENT AND MANAGEMENT AND SENIOR FINANCIAL EXECUTIVE",Other Agencies,All Other Customers,0
2806,"DEPUTY COMMISSIONER - PROGRAMS, POLICY, EVALUATION, AND COMMUNICATIONS",Other Agencies,All Other Customers,0
2900,FEDERAL TRADE COMMISSION,Other Agencies,FEDERAL TRADE COMMISSION,0
2936,2936,Other Agencies,,0
300,LIBRARY OF CONGRESS,Other Agencies,Library,0
3000,INTERSTATE COMMERCE COMMISSION,Other Agencies,All Other Customers,0
302,ADMINISTRATIVE CONFERENCE OF THE U.S. (ACUS),,,
306,ADVISORY COUNCIL ON HISTORIC PRESERVATION (ACHP),,,
310,ACCESS BOARD (USAB),,,
3100,NUCLEAR REGULATORY COMMISSION,Other Agencies,NUCLEAR REGULATORY COMMISSION,0
3148,3148,Other Agencies,,0
3151,3151,Other Agencies,,0
3160,3160,Other Agencies,,0
31RZ,31RZ,Other Agencies,,0
323,COMMISSION OF FINE ARTS (CFA),,,
32KW,32KW,,,
3300,SMITHSONIAN INSTITUTION,Other Agencies,SMITHSONIAN INSTITUTION,0
3301,JOHN F. KENNEDY CENTER FOR THE PERFORMING ARTS (SI),,,
3302,NATIONAL GALLERY OF ART (SI),,,
3303,,,,
3320,"SMITHSONIAN INSTITUTION, EXC UNITS ADMIN UNDER SEP BRD OF TR",Other Agencies,SMITHSONIAN INSTITUTION,0
3352,J. F. KENNEDY CENTER FOR THE PERFORMING ARTS,Other Agencies,J. F. KENNEDY CENTER FOR THE PERFORMING ARTS,0
3355,NATIONAL GALLERY OF ART,Other Agencies,NATIONAL GALLERY OF ART,0
3358,WOODROW WILSON INTERNATIONAL CENTER FOR SCHOLARS,Other Agencies,All Other Customers,0
338,COMMITTEE FOR PURCHASE FROM PEOPLE WHO ARE BLIND OR SEVERELY DISABLED (ABILITYONE),,,
339,COMMODITY FUTURES TRADING COMMISSION (CFTC),,,
3400,INTERNATIONAL TRADE COMMISSION,Other Agencies,INTERNATIONAL TRADE COMMISSION,0
347,DEFENSE NUCLEAR FACILITIES SAFETY BOARD (DNFSB),,,
360,FEDERAL ELECTION COMMISSION (FEC),,,
3600,"VETERANS AFFAIRS, DEPARTMENT OF",VA,VA,0
3601,OFFICE OF THE SECRETARY,VA,VA,0
3602,OFFICE OF THE DEPUTY SECRETARY,VA,VA,0
3603,GENERAL COUNSEL,VA,VA,0
3604,INSPECTOR GENERAL,VA,VA,0
3605,ASSISTANT SECRETARY FOR MANAGEMENT,VA,VA,0
3606,ASSISTANT SECRETARY FOR PLANNING AND ANALYSIS,VA,VA,0
3607,ASSISTANT SECRETARY FOR PUBLIC AND INTERGOVERNMENT AFFAIRS,VA,VA,0
3608,ASSISTANT SECRETARY FOR CONGRESSIONAL AFFAIRS,VA,VA,0
361,LIBRARY OF CONGRESS TRUST FUND BOARD,Other Agencies,Library,0
3610,BOARD OF VETERANS APPEALS,VA,VA,0
3611,ASSISTANT SECRETARY FOR HUMAN RESOURCES AND ADMINISTRATION,VA,VA,0
3612,BOARD OF CONTRACT APPEALS,VA,VA,0
3613,OFFICE OF SMALL AND DISADVANTAGED BUSINESS UTILIZATION,VA,VA,0
3614,ASSISTANT SECRETARY FOR ACQUISITION AND FACILITIES,VA,VA,0
3615,CENTER FOR MINORITY VETERANS,Other Agencies,,0
362,PERMANENT COMMITTEE FOR THE OLIVER WENDELL HOLMES DEVISE,Other Agencies,Library,0
3620,UNDER SECRETARY FOR HEALTH/VETERANS HEALTH ADMINISTRATION,VA,VA,0
3621,ACTUARIAL ANALYSIS AND DATA DEVELOPMENT SERVICE,VA,VA,0
3622,DEPUTY ASSISTANT SECRETARY FOR PROGRAM AND DATA ANALYSIS,VA,VA,0
3623,DEPUTY ASSISTANT SECRETARY FOR PLANNING AND EVALUATION,VA,VA,0
3624,IMMEDIATE OFFICE OF ASSISTANT SECRETARY FOR PLANNING AND ANALYSIS,VA,VA,0
3625,DEPUTY ASSISTANT SECRETARY FOR BUDGET,VA,VA,0
3627,ASSISTANT SECRETARY FOR FINANCIAL MANAGEMENT,VA,VA,0
3628,IMMEDIATE OFFICE OF ASSISTANT SECRETARY FOR MANAGEMENT,VA,VA,0
3630,DIRECTORY/NATIONAL CEMETERY ADMINISTRATION,VA,VA,0
3632,DEPUTY ASSISTANT SECRETARY FOR EQUAL EMPLOYMENT OPPORTUNITY,VA,VA,0
3633,DEPUTY ASSISTANT SECRETARY ADMINISTRATION,VA,VA,0
3634,DEPUTY ASSISTANT SECRETARY HUMAN RESOURCES MANAGEMENT,VA,VA,0
3636,IMMEDIATE OFFICE OF ASST SEC FOR PUBLIC AND INTERGOVERNMENTAL AFFAIRS,VA,VA,0
3637,DEPUTY ASSISTANT SECRETARY FOR INTERGOVERNMENTAL AFFAIRS,VA,VA,0
3638,DEPUTY ASSISTANT SECRETARY FOR PUBLIC AFFAIRS,VA,VA,0
3640,UNDER SECRETARY FOR BENEFITS/VETERANS BENEFITS ADMINISTATION,VA,VA,0
3641,DEPUTY ASSISTANT SECRETARY FOR OFFICE OF RESOLUTION MANAGEMENT,VA,VA,0
3643,DEPUTY ASSISTANT SECRETARY FOR ACQUISITION AND MATERIEL MANAGEMENT,VA,VA,0
3644,DEPUTY ASSISTANT SECRETARY FOR SECURITY AND LAW ENFORCEMENT,VA,VA,0
3646,IMMEDIATE OFFICE OF ASSISTANT SECRETARY FOR CONGRESSIONAL AFFAIRS,VA,VA,0
3647,DEPUTY ASSISTANT SECRETARY FOR CONGRESSIONAL AFFAIRS,VA,vA,0
3648,DEPUTY ASSISTANT SECRETARY FOR LEGISLATIVE AFFAIRS,VA,VA,0
3649,IMMEDIATE OFFICE OF ASST SECRETARY FOR HUMAN RESOURCES AND ADMIN,VA,VA,0
3650,ASSISTANT SECRETARY FOR INFORMATION AND TECHNOLOGY,VA,VA,0
3651,IMMEDIATE OFFICE OF THE ASST SECRETARY FOR INFORMATION AND TECHNOLOGY,VA,VA,0
3652,DEPUTY ASSISTANT SECRETARY FOR INFORMATION AND TECHNOLOGY,VA,VA,0
3660,VETERANS DAY NATIONAL COMMITTEE,VA,VA,0
368,FEDERAL MINE SAFETY AND HEALTH REVIEW COMMISSION (FMSHRC),,,
387,MARINE MAMMAL COMMISSION (MMC),,,
389,MERIT SYSTEMS PROTECTION BOARD (MSPB),,,
394,,,,
3969,3969,,,
3K06,3K06,Other Agencies,,0
3K47,3K47,Other Agencies,,0
3LAJ,3LAJ,Other Agencies,,0
400,GOVERNMENT PRINTING OFFICE,Other Agencies,All Other Customers,0
4100,MERIT SYSTEMS PROTECTION BOARD,Other Agencies,MERIT SYSTEMS PROTECTION BOARD,0
417,NATIONAL ENDOWMENT FOR THE ARTS (NEA),,,
418,NATIONAL ENDOWMENT FOR THE HUMANITIES (NEH),,,
420,NATIONAL LABOR RELATIONS BOARD (NLRB),,,
4200,PENNSYLVANIA AVENUE DEVELOPMENT CORPORATION,Other Agencies,All Other Customers,0
421,NATIONAL MEDIATION BOARD (NMB),,,
424,NATIONAL TRANSPORTATION SAFETY BOARD (NTSB),,,
432,OCCUPATIONAL SAFETY AND HEALTH REVIEW COMMISSION (OSHRC),,,
434,OFFICE OF GOVERNMENT ETHICS (OGE),,,
4340,NATIONAL ENDOWMENT FOR THE HUMANITIES,,,
4400,ACTION,Other Agencies,All Other Customers,0
447U,447U,Other Agencies,,0
4500,EQUAL EMPLOYMENT OPPORTUNITY COMMISSION,Other Agencies,EQUAL EMPLOYMENT OPPORTUNITY COMMISSION,0
455,,,,
456,,,,
4565,EQUAL EMPLOYMENT OPPORTUNITY COORDINATING COUNCIL,Other Agencies,All Other Customers,0
4601,DELAWARE RIVER BASIN COMMISSION,Other Agencies,All Other Customers,0
4602,APPALACHIAN REGIONAL COMMISSION,Other Agencies,All Other Customers,0
4605,SUSQUEHANNA RIVER BASIN COMMISSION,Other Agencies,All Other Customers,0
4607,INTERSTATE COMMISSION ON THE POTOMAC RIVER BASIN,Other Agencies,All Other Customers,0
4609,WASHINGTON METROPOLITAN AREA TRANSIT AUTHORITY,Other Agencies,All Other Customers,0
4700,GENERAL SERVICES ADMINISTRATION,GSA,GSA,0
4701,IMMEDIATE OFFICE OF THE ADMINISTRATOR,GSA,GSA,0
4702,4702,GSA,,0
4703,OFFICE OF GENERAL COUNSEL,GSA,GSA,0
4704,OFFICE OF INSPECTOR GENERAL,GSA,GSA,0
4705,OFFICE OF THE ADMINISTRATOR(ACMD),GSA,GSA,0
4707,OFFICE OF CONGRESSIONAL AND INTERGOVERNMENTAL AFFAIRS,GSA,GSA,0
4708,OFFICE OF PUBLIC AFFAIRS,GSA,GSA,0
4709,,GSA,,0
471,GULF COAST ECOSYSTEM RESTORATION COUNCIL (GCERC),,,
4710,INFORMATION SECURITY OVERSIGHT OFFICE,GSA,GSA,0
4711,OFFICE OF POLICY ANALYSIS,GSA,GSA,0
4712,GSA BOARD OF CONTRACT APPEALS,GSA,GSA,0
4713,OFFICE OF ACQUISITION POLICY,GSA,GSA,0
4715,OFFICE OF ETHICS AND CIVIL RIGHTS,GSA,GSA,0
4717,OFFICE OF THE CHIEF FINANCIAL OFFICER,GSA,GSA,0
4719,OFFICE OF OPERATIONS,GSA,GSA,0
472,SURFACE TRANSPORTATION BOARD (STB),,,
4720,INFORMATION TECHNOLOGY SERVICE,GSA,GSA,0
4722,OFFICE OF REGIONAL ADMINISTRATORS,GSA,GSA,0
4724,OFFICE OF CIVIL RIGHTS,GSA,GSA,0
4725,FEDERAL PROPERTY RESOURCES SERVICE,GSA,,0
4728,OFFICE OF ENTERPRISE DEVELOPMENT,GSA,GSA,0
4730,FEDERAL ACQUISITION SERVICE,GSA,GSA,0
4732,FEDERAL ACQUISITION SERVICE,GSA,GSA,0
4735,FEDERAL ACQUISITION SERVICE,GSA,GSA,0
474,INSTITUTE OF MUSEUM AND LIBRARY SERVICES (IMLS),,,
4740,PUBLIC BUILDINGS SERVICE,GSA,GSA,0
4743,OFFICE OF CHILDCARE,GSA,GSA,0
4745,OFFICE OF GOVERNMENT WIDE POLICY,GSA,GSA,0
4747,OFFICE OF SMART CARD INITIATIVES,GSA,GSA,0
4750,OFFICE OF THE CHIEF INFORMATION OFFICER,GSA,GSA,0
4760,OFFICE OF CITIZEN SERVICES AND INNOVATIVE TECHNOLOGIES,Other Agencies,All Other Customers,0
4770,OFFICE OF HUMAN RESOURCES MANAGEMENT,,,
4771,OFFICE OF MISSION ASSURANCE,,,
4772,OFFICE OF SMALL BUSINESS UTILIZATION,,,
4773,OFFICE OF ADMINISTRATIVE SERVICES,GSA,GSA,0
4774,OFFICE OF COMMUNICATIONS AND MARKETING,,,
4775,TECHNOLOGY TRANSFORMATION SERVICE,GSA,GSA,0
4800,4800,,,
4811,INDIAN LAW AND ORDER COMMISSION,,,
4817,STATE JUSTICE INSTITUTE,Other Agencies,All Other Customers,0
4821,INTERNATIONAL CULTURAL AND TRADE CENTER COMMISSION,Other Agencies,All Other Customers,0
4836,"COMMISSION ON EXECUTIVE, LEGISLATIVE, AND JUDICIAL SALARIES",Other Agencies,All Other Customers,0
4849,OFFICE OF NAVAJO AND HOPI INDIAN RELOCATION,Other Agencies,All Other Customers,0
485,CORPORATION FOR NATIONAL AND COMMUNITY SERVICE (CNCS),,,
4852,NATIONAL COMMISSION TO PREVENT INFANT MORTALITY,Other Agencies,All Other Customers,0
4853,COMMISSION FOR THE STUDY OF INTERNATIONAL MIGRATION AND COOP ECONOMIC DEVEL,Other Agencies,All Other Customers,0
4854,INTER-AGENCY COUNCIL FOR HOMELESS,Other Agencies,All Other Customers,0
4855,OFFICE OF THE NUCLEAR WASTE NEGOTIATION,Other Agencies,All Other Customers,0
4865,INTERAGENCY COUNCIL ON THE HOMELESS,Other Agencies,All Other Customers,0
487,MORRIS K. UDALL AND STEWART L. UDALL FOUNDATION (UDALL),,,
4900,NATIONAL SCIENCE FOUNDATION,Other Agencies,NATIONAL SCIENCE FOUNDATION,0
4960,NATIONAL SCIENCE BOARD,Other Agencies,All Other Customers,0
49SA,INTERNATIONAL ASTRONOMICAL UNION,Other Agencies,All Other Customers,0
49SB,INTERNATIONAL UNION OF BIOLOGICAL SCIENCES,Other Agencies,All Other Customers,0
49SC,INTERNATIONAL UNION OF PURE AND APPLIED CHEMISTRY,Other Agencies,All Other Customers,0
49SD,INTERNATIONAL UNION OF GEODESY AND GEOPHYSICS,Other Agencies,All Other Customers,0
49SE,INTERNATIONAL UNION OF GEOLOGICAL SCIENCES,Other Agencies,All Other Customers,0
49SF,INTERNATIONAL UNION OF PURE AND APPLIED PHYSICS,Other Agencies,All Other Customers,0
49SG,INTERNATIONAL GEOGRAPHICAL UNION,Other Agencies,All Other Customers,0
49SH,INTERNATIONAL UNION OF THE HISTORY AND PHILOSOPHY OF SCIENCE,Other Agencies,All Other Customers,0
49SK,INTERNATIONAL UNION OF BIOCHEMISTRY,Other Agencies,All Other Customers,0
49SL,INTERNATIONAL UNION OF PHARMACOLOGY,Other Agencies,All Other Customers,0
49SM,INTERNATIONAL MATHEMATICAL UNION,Other Agencies,All Other Customers,0
49SN,INTERNATIONAL UNION OF NUTRITIONAL SCIENCES,Other Agencies,All Other Customers,0
49SP,INTERNATIONAL UNION OF PHYSIOLOGICAL SCIENCES,Other Agencies,All Other Customers,0
49SR,INTERNATIONAL UNION OF RADIO SCIENCE,Other Agencies,All Other Customers,0
49SS,INTERNATIONAL UNION OF PSYCHOLOGICAL SCIENCE,Other Agencies,All Other Customers,0
49ST,INTERNATIONAL UNION OF THEORETICAL AND APPLIED MECHANICS,Other Agencies,All Other Customers,0
49SU,INTERNATIONAL COUNCIL OF SCIENTIFIC UNIONS,Other Agencies,All Other Customers,0
49SV,INTERNATIONAL UNION FOR PURE AND APPLIED BIOPHYSICS,Other Agencies,All Other Customers,0
49SW,INTERNATIONAL UNION OF MICROBOLOGICAL SOCIETIES,Other Agencies,All Other Customers,0
49SX,INTERNATIONAL UNION OF CRYSTALLOGRAPHY,Other Agencies,All Other Customers,0
49SY,INTERNATIONAL UNION OF IMMUNOLOGICAL SOCIETIES,Other Agencies,All Other Customers,0
50,HOUSE OF REPRESENTATIVES ZAAA,Other Agencies,All Other Customers,0
500,GENERAL ACCOUNTING OFFICE,Other Agencies,All Other Customers,0
5000,SECURITIES AND EXCHANGE COMMISSION,Other Agencies,SECURITIES AND EXCHANGE COMMISSION,0
501,COMPTROLLER GENERAL OF THE UNITED STATES,Other Agencies,Comptroller,0
5094,SECURITIES INVESTOR PROTECTION CORPORATION,Other Agencies,All Other Customers,0
510,UNITED STATES CHEMICAL SAFETY BOARD (CSB),,,
5100,FEDERAL DEPOSIT INSURANCE CORPORATION,Other Agencies,All Other Customers,0
511,COURT SERVICES AND OFFENDER SUPERVISION AGENCY (CSOSA),,,
513,DENALI COMMISSION (DENALI),,,
514,BROADCASTING BOARD OF GOVERNORS (BBG),,,
51A8,51A8,Other Agencies,,0
5200,OFF OF THE FED INSPECTOR FOR THE AK NATURAL GAS TRANSPORT,Other Agencies,All Other Customers,0
5223,5223,,,
524,MILLENNIUM CHALLENGE CORPORATION (MCC),,,
525,ELECTION ASSISTANCE COMMISSION (EAC),,,
5300,THE INSTITUTE OF MUSEUM AND LIBRARY SERVICES,,,
535,PRIVACY AND CIVIL LIBERTIES OVERSIGHT BOARD (PCLOB),,,
539,,,,
5400,FEDERAL LABOR RELATIONS AUTHORITY,Other Agencies,FEDERAL LABOR RELATIONS AUTHORITY,0
5407,5407,Other Agencies,,0
542,THE COUNCIL OF THE INSPECTORS GENERAL ON INTEGRITY AND EFFICIENCY (CIGIE),,,
5500,ADVISORY COMMISSION ON INTERGOVERNMENTAL RELATIONS,Other Agencies,All Other Customers,0
559,"GAO, EXCEPT COMPTROLLER GENERAL",Other Agencies,Comptroller,0
5600,CENTRAL INTELLIGENCE AGENCY,Other Agencies,All Other Customers,0
5700,DEPT OF THE AIR FORCE,Defense,Air Force,1
5701,AIR FORCE MANAGEMENT ENGINEERING AGENCY,Defense,Air Force,1
5702,AIR FORCE INSPECTION AND SAFETY CENTER,Defense,Air Force,1
5703,AIR FORCE OPERATIONAL TEST AND EVALUATION CENTER,Defense,Air Force,1
5704,AIR FORCE COMMUNICATIONS AGENCY,Defense,Air Force,1
5705,AIR FORCE INTELLIGENCE SERVICE,Defense,Air Force,1
5707,AIR FORCE OFFICE OF SPECIAL INVESTIGATIONS,Defense,Air Force,1
5709,AIR FORCE MANPOWER AND PERSONNEL CENTER,Defense,Air Force,1
570B,U.S. AIR FORCE ACADEMY,Defense,Air Force,1
570D,"U.S. AIR FORCES, EUROPE",Defense,Air Force,1
570J,AIR TRAINING COMMAND,Defense,Air Force,1
570M,"HEADQUARTERS, AIR FORCE RESERVE",Defense,Air Force,1
570N,"IMMEDIATE OFFICE, HEADQUARTERS, USAF",Defense,Air Force,1
570R,PACIFIC AIR FORCES,Defense,Air Force,1
570Y,AIR FORCE COMMUNICATIONS COMMAND,Defense,Air Force,1
5710,AIR FORCE CENTER FOR QUALITY AND MANAGEMENT INNOVATION,Defense,Air Force,1
571C,AIR COMBAT COMMAND,Defense,Air Force,1
571G,AIR FORCE LOGISTICS MANAGEMENT AGENCY,Defense,Air Force,1
571L,AIR MOBILITY COMMAND,Defense,Air Force,1
571M,AIR FORCE MATERIEL COMMAND,Defense,Air Force,1
571S,SPACE COMMAND,Defense,Air Force,1
571W,AIR FORCE ENGINEERING AND SERVICES CENTER,Defense,Air Force,1
5727,AIR FORCE AGENCY FOR MODELING AND SIMULATION,Defense,Air Force,1
5728,AIR FORCE COMMUNICATION AND INFORMATION CENTER,Defense,Air Force,1
572A,AIR FORCE COST CENTER,Defense,Air Force,1
572C,AIR FORCE CIVILIAN PERSONNEL MANAGEMENT CENTER,Defense,Air Force,1
572F,AIR FORCE MEDICAL SERVICES CENTER,Defense,Air Force,1
572H,AIR FORCE COMBAT OPERATIONS STAFF,Defense,Air Force,1
572L,AIR FORCE TECHNICAL APPLICATIONS CENTER,Defense,Air Force,1
572N,AIR FORCE CENTER FOR STUDIES AND ANALYSES,Defense,Air Force,1
572Q,AIR WEATHER SERVICE,Defense,Air Force,1
572S,HQ NORAD,Defense,Air Force,1
572U,"AIR FORCE MORALE, WELFARE AND RECREATION CENTER",Defense,Air Force,1
572W,AIR FORCE DISTRICT OF WASHINGTON,Defense,Air Force,1
572X,AIR FORCE REAL ESTATE AGENCY,Defense,Air Force,1
572Y,AIR FORCE PENTAGON COMMUNICATIONS AGENCY,Defense,Air Force,1
572Z,HQ AIR FORCE MEDICAL OPERATIONS AGENCY,Defense,Air Force,1
573,NORTHERN BORDER REGIONAL COMMISSION (NBRC),,,
573C,"AIR FORCE ELEMENTS, U.S. CENTRAL COMMAND",Defense,Air Force,1
573D,"AIR FORCE ELEMENTS, U.S. SPECIAL OPERATIONS COMMAND",Defense,Air Force,1
573G,"AIR FORCE ELEMENTS, EUROPE",Defense,Air Force,1
573L,CENTER FOR AIR FORCE HISTORY,Defense,Air Force,1
573N,"AIR FORCE ELEMENTS, U.S. ATLANTIC COMMAND",Defense,Air Force,1
573O,"AIR FORCE ELEMENTS, U.S. PACIFIC COMMAND",Defense,Air Force,1
573Q,"AIR FORCE ELEMENTS, U.S. STRATEGIC COMMAND",Defense,Air Force,1
573S,"HEADQUARTERS, U.S. SPACE COMMAND AND NORAD",Defense,Air Force,1
573T,AIR FORCE ELEMENTS U.S. TRANSPORTATION COMMAND,Defense,Air Force,1
573V,"AIR FORCE ELEMENTS, OTHER THAN EUROPE",Defense,Air Force,1
573W,AIR FORCE CENTER FOR ENVIORNMENTAL EXCELLENCE,Defense,Air Force,1
573Z,"JOINT SERVICES SURVIVAL, EVASION, RESISTANCE AND ESCAPE AGENCY",Defense,Air Force,1
574Z,AIR NATIONAL GUARD,Defense,Air Force,1
57NG,AIR NATIONAL GUARD UNITS (TITLE 32),Defense,Air Force,1
5800,FEDERAL EMERGENCY MANAGEMENT AGENCY,DHS,FEMA,0
5801,IMMEDIATE OFFICE OF THE DIRECTOR OF FEMA,DHS,FEMA,0
5802,OFFICE OF CHIEF OF STAFF,DHS,FEMA,0
5803,OFFICE OF GENERAL COUNSEL,DHS,FEMA,0
5804,OFFICE OF INSPECTOR GENERAL,DHS,FEMA,0
5805,OFFICE OF EXTERNAL AFFAIRS,DHS,FEMA,0
581,CONSUMER FINANCIAL PROTECTION BUREAU (CFPB),,,
5814,OFFICE OF EXECUTIVE ADMINISTRATION,DHS,FEMA,0
5817,OFFICE OF THE COMPTROLLER,DHS,FEMA,0
5820,FEDERAL INSURANCE ADMINISTRATION,DHS,FEMA,0
5825,STATE AND LOCAL PROGRAMS AND SUPPORT DIRECTORATE,DHS,FEMA,0
5830,NATIONAL PREPAREDNESS PROGRAMS DIRECTORATE,DHS,FEMA,0
5835,TRAINING AND FIRE PROGRAMS DIRECTORATE,DHS,FEMA,0
5840,U.S. FIRE ADMINISTRATION,DHS,FEMA,0
585A,FEMA REGION I,DHS,FEMA,0
585B,FEMA REGION II,DHS,FEMA,0
585C,FEMA REGION III,DHS,FEMA,0
585D,FEMA REGION IV,DHS,FEMA,0
585E,FEMA REGION V,DHS,FEMA,0
585F,FEMA REGION VI,DHS,FEMA,0
585G,FEMA REGION VII,DHS,FEMA,0
585H,FEMA REGION VIII,DHS,FEMA,0
585J,FEMA REGION IX,DHS,FEMA,0
585K,FEMA REGION X,DHS,FEMA,0
5900,NATIONAL FOUNDATION ON THE ARTS AND THE HUMANITIES,Other Agencies,All Other Customers,0
5915,FEDERAL COUNCIL ON THE ARTS AND THE HUMANITIES,Other Agencies,All Other Customers,0
5920,NATIONAL ENDOWMENT FOR THE ARTS,Other Agencies,NATIONAL ENDOWMENT FOR THE ARTS,0
5940,NATIONAL ENDOWMENT FOR THE HUMANITIES,Other Agencies,NATIONAL ENDOWMENT FOR THE HUMANITIES,0
5950,THE INSTITUE OF MUSEUM AND LIBRARY SERVICES,Other Agencies,NATIONAL FOUNDATION ON THE ARTS AND THE HUMANITIES,0
5963,NATIONAL COUNCIL ON THE ARTS,Other Agencies,All Other Customers,0
5966,NATIONAL COUNCIL ON THE HUMANITIES,Other Agencies,All Other Customers,0
6000,RAILROAD RETIREMENT BOARD,Other Agencies,RAILROAD RETIREMENT BOARD,0
6100,CONSUMER PRODUCT SAFETY COMMISSION,Other Agencies,CONSUMER PRODUCT SAFETY COMMISSION,0
6121,6121,Other Agencies,,0
6200,,,,
6201,OFFICE OF SPECIAL COUNSEL,Other Agencies,OFFICE OF SPECIAL COUNSEL,0
6300,NATIONAL LABOR RELATIONS BOARD,Other Agencies,NATIONAL LABOR RELATIONS BOARD,0
6400,TENNESSEE VALLEY AUTHORITY,Other Agencies,All Other Customers,0
645S,645S,Other Agencies,,0
64KX,64KX,Other Agencies,,0
6500,FEDERAL MARITIME COMMISSION,Other Agencies,FEDERAL MARITIME COMMISSION,0
6666,TEST AGENCY,Other Agencies,All Other Customers,0
6700,UNITED STATES INFORMATION AGENCY,Other Agencies,All Other Customers,0
6761,BOARD OF FOREIGN SCHOLARSHIPS,Other Agencies,All Other Customers,0
6762,CULTURAL PROPERTY ADVISORY COMMITTEE,Other Agencies,All Other Customers,0
6763,ARTISTIC AMBASSADOR ADVISORY COMMITTEE,Other Agencies,All Other Customers,0
6765,PRESIDENTIAL COMM ON THE GERMAN-AMERICAN TRICENTENNIAL,Other Agencies,All Other Customers,0
6767,U.S. ADVISORY COMMISSION ON PUBLIC DIPLOMACY,Other Agencies,All Other Customers,0
6791,CENTER FOR CULTURAL AND TECH INTERCHANGE BETWEEN EAST AND WEST,Other Agencies,All Other Customers,0
6795,NATIONAL ENDOWMENT FOR DEMOCRACY,Other Agencies,All Other Customers,0
6800,ENVIRONMENTAL PROTECTION AGENCY,Other Agencies,EPA,0
6801,IMMEDIATE OFFICE OF THE ADMINISTRATOR OF EPA,Other Agencies,EPA,0
6803,OFFICE OF GENERAL COUNSEL,Other Agencies,EPA,0
6804,OFFICE OF THE INSPECTOR GENERAL,Other Agencies,EPA,0
6805,ASST ADMINISTRATOR FOR ADMINISTRATION & RESOURCES MGMT,Other Agencies,EPA,0
6806,"ASST ADMINISTRATOR FOR POLICY, PLANNING AND EVALUATION",Other Agencies,EPA,0
6809,ASSISTANT ADMINISTRATOR FOR INTERNATIONAL ACTIVITIES,Other Agencies,EPA,0
680S,OFFICE OF THE ADMINISTRATOR FO EPA,Other Agencies,EPA,0
6811,OFFICE OF CIVIL RIGHTS,Other Agencies,EPA,0
6812,FEDERAL ASBESTOS TASK FORCE,Other Agencies,EPA,0
6813,OFFICE OF ADMINISTRATIVE LAW JUDGES,Other Agencies,EPA,0
6814,"ASSOCIATE ADMINISTRATION FOR COMMUNICATIONS, EDUCATION, AND PUBLIC AFFAIRS",Other Agencies,EPA,0
6815,ASSOCIATE ADMINISTRATOR FOR CONGRESSIONAL AND LEGISLATIVE AFFAIRS,Other Agencies,EPA,0
6817,SCIENCE ADVISORY BOARD,Other Agencies,EPA,0
6818,OFFICE OF SMALL AND DISADVANTAGED BUSINESS UTILIZATION,Other Agencies,EPA,0
6820,ASSISTANT ADMINISTRATOR FOR AIR AND RADIATION,Other Agencies,EPA,0
6825,ASSISTANT ADMINISTRATOR FOR ENFORCEMENT,Other Agencies,EPA,0
6830,ASSISTANT ADMINISTRATOR FOR PESTICIDES AND TOXIC SUBSTANCES,Other Agencies,EPA,0
6840,ASSISTANT ADMINISTRATOR FOR RESEARCH AND DEVELOPMENT,Other Agencies,EPA,0
6845,ASSISTANT ADMINISTRATOR FOR WATER,Other Agencies,EPA,0
6850,ASST ADMINISTRATOR FOR SOLID WASTE AND EMERGENCY RESPONSE,Other Agencies,EPA,0
6855,ASSISTANT ADMINISTRATOR FOR REGIONAL OPERATIONS AND STATE/LOCAL RELATIONS,Other Agencies,EPA,0
6900,"TRANSPORTATION, DEPARTMENT OF",Other Agencies,Transportation,0
6901,IMMEDIATE OFFICE OF THE SECRETARY OF TRANSPORTATION,Other Agencies,Transportation,0
6902,OFFICE OF THE DEPUTY SECRETARY OF TRANSPORTATION,Other Agencies,Transportation,0
6903,OFFICE OF GENERAL COUNSEL,Other Agencies,Transportation,0
6904,OFFICE OF INSPECTOR GENERAL,Other Agencies,Transportation,0
6905,OFFICE OF ADMINISTRATION,Other Agencies,Transportation,0
6906,OFFICE OF BUDGET AND PROGRAMS,Other Agencies,Transportation,0
6907,OFFICE OF GOVERNMENTAL AFFAIRS,Other Agencies,Transportation,0
6908,OFFICE OF PUBLIC AFFAIRS,Other Agencies,Transportation,0
6909,OFFICE OF POLICY AND INTERNATIONAL AFFAIRS,Other Agencies,Transportation,0
690S,OFFICE OF THE SECRETARY OF TRANSPORTATION,Other Agencies,Transportation,0
6911,OFFICE OF CIVIL RIGHTS,Other Agencies,Transportation,0
6912,CONTRACT APPEALS BOARD,Other Agencies,Transportation,0
6913,OFFICE OF COMMERCIAL SPACE TRANSPORTATION,Other Agencies,Transportation,0
6914,EXECUTIVE SECRETARIAT,Other Agencies,Transportation,0
6915,OFFICE OF INTELLIGENCE AND SECURITY,Other Agencies,Transportation,0
6917,DEPUTY SECRETARY OF TRANSPORTATION,Other Agencies,,0
6918,OFFICE OF SMALL AND DISADVANTAGED BUSINESS UTILIZATION,Other Agencies,Transportation,0
6920,FEDERAL AVIATION ADMINISTRATION,Other Agencies,Transportation,0
6922,ASSISTANT SECRETARY FOR AVIATION AND INTERNATIONALL AFFAIRS,Other Agencies,Transportation,0
6925,FEDERAL HIGHWAY ADMINISTRATION,Other Agencies,Transportation,0
6930,FEDERAL RAILROAD ADMINISTRATION,Other Agencies,Transportation,0
6938,MARITIME ADMINISTRATION,Other Agencies,Transportation,0
6940,NATIONAL HIGHWAY TRAFFIC SAFETY ADMINISTRATION,Other Agencies,Transportation,0
6943,RESEARCH AND INNOVATIVE TECHNOLOGY ADMINISTRATION,Other Agencies,Transportation,0
6947,SAINT LAWRENCE SEAWAY DEVELOPMENT CORPORATION,Other Agencies,Transportation,0
6950,UNITED STATES COAST GUARD,Other Agencies,Transportation,0
6953,FEDERAL MOTOR CARRIER SAFETY ADMINISTRATION,Other Agencies,Transportation,0
6955,FEDERAL TRANSIT ADMINISTRATION,Other Agencies,Transportation,0
6957,PIPELINE AND HAZARDOUS MATERIALS SAFETY ADMINISTRATON,Other Agencies,Transportation,0
6959,FEDERAL MOTOR CARRIER SAFETY ADMINISTRATION,Other Agencies,Transportation,0
6965,TRANSPORTATION SECURITY ADMINISTRATION,Other Agencies,Transportation,0
6991,NATIONAL RAILROAD PASSENGER CORPORATION (AMTRAK),Other Agencies,Transportation,0
69NA,NORTH ATLANTIC ICE PATROL,Other Agencies,Transportation,0
7000,"HOMELAND SECURITY, DEPARTMENT OF",DHS,,0
7001,OFFICE OF PROCUREMENT OPERATIONS,DHS,OPO,0
7002,IMMEDIATE OFFICE OF THE SECRETARY,DHS,,0
7003,U.S. CITIZENSHIP AND IMMIGRATION SERVICES,DHS,Other DHS,0
7004,OFFICE OF THE INSPECTOR GENERAL,DHS,Other DHS,0
7006,7006,DHS,,0
7007,FEDERAL EMERGENCY MANAGEMENT AGENCY,DHS,FEMA,0
7008,U.S. COAST GUARD,DHS,COAST GUARD,0
7009,U.S. SECRET SERVICE,DHS,Other DHS,0
7010,OFFICE OF THE UNDER SECRETARY FOR BORDER AND TRANSPORTATION SECURITY,DHS,,0
7011,IMMEDIATE OFF OF THE UNDER SECRETARY FOR BORDER AND TRANSPORTATION SECURITY,DHS,,0
7012,U.S. IMMIGRATION AND CUSTOMS ENFORCEMENT,DHS,ICE,0
7013,TRANSPORTATION SECURITY ADMINISTRATION,DHS,TSA,0
7014,U.S. CUSTOMS AND BORDER PROTECTION,DHS,CBP,0
7015,FEDERAL LAW ENFORCEMENT TRAINING CENTER,DHS,Other DHS,0
7020,OFFICE OF THE UNDER SECRETARY FOR EMERGENCY PREPAREDNESS AND RESPONSE,DHS,,0
7021,IMMEDIATE OFF OF THE UNDER SECRETARY FOR EMERGENCY PREPAREDNESS AND RESPONSE,DHS,,0
7022,FEDERAL EMERGENCY MANAGEMENT AGENCY,DHS,FEMA,0
7030,OFF OF THE UNDER SECRETARY FOR INFO ANALYSIS AND INFRASTRUCTURE PROTECTION,DHS,,0
7031,IMMED OFF OF UNDER SECRETARY FOR INFO ANALYSIS AND INFRASTRUCTURE PROTECTION,DHS,,0
7032,OFFICE FOR INFORMATION ANALYSIS,DHS,Other DHS,0
7033,OFFICE FOR INFRASTRUCTURE PROTECTION,DHS,Other DHS,0
7040,OFFICE OF THE UNDER SECRETARY FOR SCIENCE AND TECHNOLOGY,DHS,OPO,0
7041,IMMEDIATE OFFICE OF THE UNDER SECRETARY FOR SCIENCE AND TECHNOLOGY,DHS,OPO,0
7045,7045,DHS,,0
7050,OFFICE OF THE UNDER SECRETARY FOR MANAGEMENT,DHS,OPO,0
7051,IMMEDIATE OFFICE OF THE UNDER SECRETARY FOR MANAGEMENT,DHS,OPO,0
7052,NATIONAL PROTECTION AND PROGRAMS DIRECTORATE,,,
7053,DOMESTIC NUCLEAR DETECTION OFFICE,,,
7054,OFFICE OF HEALTH AFFAIRS,,,
7055,OFFICE OF THE CHIEF PROCUREMENT OFFICER,DHS,,
7056,OFFICE OF THE CHIEF FINANCIAL OFFICER,,,
7057,OFFICE OF THE CHIEF READINESS SUPPORT OFFICER,,,
7058,OFFICE OF THE CHIEF INFORMATION OFFICER,DHS,,
7059,OFFICE OF THE CHIEF HUMAN CAPITAL OFFICER,,,
7060,OFFICE OF THE CHIEF SECURITY OFFICER,,,
7061,CYBERSECURITY AND INFRASTRUCTURE SECURITY AGENCY,,,
7062,COUNTERING WEAPONS OF MASS DESTRUCTION,,,
7100,OVERSEAS PRIVATE INVESTMENT CORPORATION,State and IAP,OVERSEAS PRIVATE INVESTMENT CORPORATION,0
7110,7110,Other Agencies,,0
7140,7140,Other Agencies,,0
7200,AGENCY FOR INTERNATIONAL DEVELOPMENT,State and IAP,USAID,0
7300,SMALL BUSINESS ADMINISTRATION,Other Agencies,SMALL BUSINESS ADMINISTRATION,0
7400,AMERICAN BATTLE MONUMENTS COMMISSION,Other Agencies,All Other Customers,0
7470,7470,Other Agencies,,0
7500,"HEALTH AND HUMAN SERVICES, DEPARTMENT OF",HHS,HHS,0
7501,IMMED OFFICE OF THE SECRETARY OF HEALTH AND HUMAN SERVICES,HHS,HHS,0
7502,OFFICE OF THE UNDER SECRETARY OF HEALTH AND HUMAN SERVICES,HHS,HHS,0
7503,OFFICE OF THE GENERAL COUNSEL,HHS,HHS,0
7504,OFFICE OF THE INSPECTOR GENERAL,HHS,HHS,0
7505,OFFICE OF ASSISTANT SECRETARY FOR MANAGEMENT AND BUDGET,HHS,HHS,0
7506,OFFICE OF ASSISTANT SECRETARY FOR PLANNING AND EVALUATION,HHS,HHS,0
7507,OFFICE OF ASSISTANT SECRETARY FOR LEGISLATION,HHS,HHS,0
7508,OFFICE OF ASSISTANT SECRETARY FOR PUBLIC AFFAIRS,HHS,HHS,0
7509,OFFICE OF INTERGOVERNMENTAL AFFAIRS AND REGIONAL DIRECTORS,HHS,,0
750S,OFFICE OF THE SECRETARY OF HEALTH AND HUMAN SERVICES,HHS,HHS,0
7510,U.S. OFFICE OF CONSUMER AFFAIRS,HHS,HHS,0
7511,OFFICE FOR CIVIL RIGHTS,HHS,HHS,0
7515,OFFICE OF PUBLIC HEALTH AND SCIENCE,HHS,HHS,0
7516,OFFICE OF ASSISTANT SECRETARY FOR PERSONNEL,HHS,HHS,0
7520,PUBLIC HEALTH SERVICE,HHS,HHS,0
7521,OFFICE OF ASSISTANT SECRETARY FOR HEALTH,HHS,HHS,0
7522,SUBSTANCE ABUSE AND MENTAL HEALTH SERVICES ADMINISTRATION,HHS,HHS,0
7523,CENTERS FOR DISEASE CONTROL,HHS,HHS,0
7524,FOOD AND DRUG ADMINISTRATION,HHS,HHS,0
7525,AGENCY FOR TOXIC SUBSTANCES AND DISEASE REGISTRY,HHS,HHS,0
7526,HEALTH RESOURCES AND SERVICES ADMINISTRATION,HHS,HHS,0
7527,INDIAN HEALTH SERVICE,HHS,HHS,0
7528,AGENCY FOR HEALTH CARE POLICY AND RESEARCH,HHS,HHS,0
7529,NATIONAL INSTITUTES OF HEALTH,HHS,HHS,0
7530,CENTERS FOR MEDICARE AND MEDICAID SERVICES,HHS,HHS,0
7537,FAMILY SUPPORT ADMINISTRATION,HHS,HHS,0
7540,OFFICE OF HUMAN DEVELOPMENT SERVICES,HHS,HHS,0
7545,ADMINISTRATION ON AGING,HHS,HHS,0
7550,SOCIAL SECURITY ADMINISTRATION,Other Agencies,All Other Customers,0
7555,OFFICE OF ASST SECRETARY FOR HEALTH EXCEPT NATIONAL CENTERS,HHS,HHS,0
7558,NAT CENTER FOR HEALTH SERV RESEARCH AND HEALTH CARE TECH ASSES,HHS,HHS,0
7559,NATIONAL CENTER FOR HEALTH STATISTICS,HHS,HHS,0
7565,,,,
7570,OFFICE OF THE ASSISTANT SECRETARY FOR ADMINISTRATION (ASA),HHS,HHS,0
7571,OFFICE OF THE ASSISTANT SECRETARY FOR FINANCIAL RESOURCES (ASFR),,,
7575,OFFICE OF MEDICARE HEARINGS AND APPEALS (OMHA),,,
7577,,,,
7590,ADMINISTRATION FOR CHILDREN AND FAMILIES,HHS,HHS,0
7593,GORGAS MEMORIAL INST OF TROPICAL AND PREVENTATIVE MEDICINE,HHS,HHS,0
7598,7598,HHS,,0
7608,CHRISTOPHER COLUMBUS QUINCENTENARY JUBILEE COMMISSION,Other Agencies,All Other Customers,0
7609,COMMISSION ON THE BICENTENNIAL OF THE U.S. CONSTITUTION,Other Agencies,All Other Customers,0
7611,DWIGHT DAVID EISENHOWER CENTENNIAL COMMISSION,Other Agencies,All Other Customers,0
7615,"MARTIN LUTHER KING, JR. FEDERAL HOLIDAY COMMISSION",Other Agencies,All Other Customers,0
7700,UNITED STATES INTERNATIONAL DEVELOPMENT FINANCE CORPORATION,,,
7720,7720,,,
7740,7740,,,
7777,FEDERAL CROP INSURANCE CORPORATION,Other Agencies,All Other Customers,0
7800,FARM CREDIT ADMINISTRATION,Other Agencies,All Other Customers,0
7881,BANKS FOR COOPERATIVES (13),Other Agencies,All Other Customers,0
7883,FEDERAL INTERMEDIATE CREDIT BANKS (12),Other Agencies,All Other Customers,0
7885,FEDERAL LAND BANKS (12),Other Agencies,All Other Customers,0
7887,FEDERAL LAND BANK ASSOCIATIONS,Other Agencies,All Other Customers,0
7888,FARM CREDIT SYSTEMS INSURANCE CORPORATION,Other Agencies,All Other Customers,0
7A86,7A86,Other Agencies,,0
800,CONGRESSIONAL BUDGET OFFICE,Other Agencies,All Other Customers,0
8000,NATIONAL AERONAUTICS AND SPACE ADMINISTRATION,NASA,NASA,0
8001,"HEADQUARTERS, NASA",NASA,NASA,0
8020,AMES RESEARCH CENTER,NASA,NASA,0
8022,DRYDEN FLIGHT RESEARCH CENTER,NASA,NASA,0
8025,SPACE STATION PROGRAM OFFICE,NASA,NASA,0
8026,GODDARD SPACE FLIGHT CENTER,NASA,NASA,0
8029,"NASA RESIDENT OFFICE, JET PROPULSION LABORATORY",NASA,NASA,0
8032,LYNDON B. JOHNSON SPACE CENTER,NASA,NASA,0
8035,JOHN F. KENNEDY SPACE CENTER,NASA,NASA,0
8038,LANGLEY RESEARCH CENTER,NASA,NASA,0
8041,LEWIS RESEARCH CENTER,NASA,NASA,0
8044,GEORGE C. MARSHALL SPACE FLIGHT CENTER,NASA,NASA,0
8047,NATIONAL SPACE TECHNOLOGY LABORATORIES,NASA,NASA,0
8200,FEDERAL HOME LOAN BANK BOARD,Other Agencies,All Other Customers,0
8202,8202,,,
8291,NEIGHBORHOOD REINVESTMENT CORPORATION,Other Agencies,All Other Customers,0
82CS,82CS,Other Agencies,,0
8300,EXPORT-IMPORT BANK OF THE U.S.,Other Agencies,All Other Customers,0
8400,UNITED STATES SOLDIERS AND AIRMENS HOME,Other Agencies,All Other Customers,0
8447,8447,,,
84AF,ARMED FORCES RETIREMENT HOME,Other Agencies,All Other Customers,0
8538,8538,,,
8600,"HOUSING AND URBAN DEVELOPMENT, DEPARTMENT OF",Other Agencies,HUD,0
8601,OFFICE OF THE SECRETARY OF HOUSING AND URBAN DEVELOPMENT,Other Agencies,HUD,0
8602,DEPUTY SECRETARY OF HOUSING AND URBAN DEVELOPMENT,Other Agencies,HUD,0
8603,OFFICE OF GENERAL COUNSEL,Other Agencies,HUD,0
8604,OFFICE OF INSPECTOR GENERAL,Other Agencies,HUD,0
8605,ASSISTANT SECRETARY FOR ADMINISTRATION,Other Agencies,HUD,0
8606,,Other Agencies,,0
8607,ASSISTANT SECRETARY FOR CONGRESSIONAL AND INTERGOVERNMENTAL RELATIONS,Other Agencies,HUD,0
8608,ASSISTANT SECRETARY FOR PUBLIC AFFAIRS,Other Agencies,HUD,0
8611,ASSISTANT SECRETARY FOR FAIR HOUSING AND EQUAL OPPORTUNITY,Other Agencies,HUD,0
8615,ADMINISTRATIVE LAW JUDGES,Other Agencies,HUD,0
8620,ASSISTANT SECRETARY FOR COMMUNITY PLANNING AND DEVELOPMENT,Other Agencies,HUD,0
8625,GOVERNMENT NATIONAL MORTGAGE ASSOCIATION,Other Agencies,HUD,0
8630,ASST SECRETARY FOR HOUSING--FEDERAL HOUSING COMMISSIONER,Other Agencies,HUD,0
8635,ASSISTANT SECRETARY FOR PUBLIC AND INDIAN HOUSING,Other Agencies,HUD,0
8645,ASSISTANT SECRETARY FOR POLICY DEVELOPMENT AND RESEARCH,Other Agencies,HUD,0
8650,SOLAR ENERGY AND ENERGY CONSERVATION BANK,Other Agencies,HUD,0
8652,OFFICE OF THE CHIEF INFORMATION OFFICER,Other Agencies,HUD,0
8653,OFFICE OF HEALTHY HOMES AND LEAD HAZARD CONTROL,Other Agencies,HUD,0
8654,,,,
8656,OFFICE OF FEDERAL HOUSING ENTERPRISE OVERSIGHT,Other Agencies,HUD,0
865A,"OFFICE OF REGIONAL ADMINISTRATOR, REGION 1",Other Agencies,HUD,0
865B,"OFFICE OF REGIONAL ADMINISTRATOR, REGION 2",Other Agencies,HUD,0
865C,"OFFICE OF REGIONAL ADMINISTRATOR, REGION 3",Other Agencies,HUD,0
865D,"OFFICE OF REGIONAL ADMINISTRATOR, REGION 4",Other Agencies,HUD,0
865E,"OFFICE OF REGIONAL ADMINISTRATOR, REGION 5",Other Agencies,HUD,0
865F,"OFFICE OF REGIONAL ADMINISTRATOR, REGION 6",Other Agencies,HUD,0
865G,"OFFICE OF REGIONAL ADMINISTRATOR, REGION 7",Other Agencies,HUD,0
865H,"OFFICE OF REGIONAL ADMINISTRATOR, REGION 8",Other Agencies,HUD,0
865J,"OFFICE OF REGIONAL ADMINISTRATOR, REGION 9",Other Agencies,HUD,0
865K,"OFFICE OF REGIONAL ADMINISTRATOR, REGION 10",Other Agencies,HUD,0
8681,FEDERAL NATIONAL MORTGAGE ASSOCIATION,Other Agencies,HUD,0
8800,NATIONAL ARCHIVES AND RECORDS ADMINISTRATION,Other Agencies,Archives,0
8861,NATIONAL ARCHIVES TRUST FUND BOARD,Other Agencies,Archives,0
8862,NATIONAL HISTORICAL PUBLICATIONS AND RECORDS COMMISSION,Other Agencies,Archives,0
8900,"ENERGY, DEPARTMENT OF",Energy,Energy,0
8901,OFFICE OF THE SECRETARY,Energy,Energy,0
8902,OFFICE OF THE DEPUTY SECRETARY,Energy,Energy,0
8903,OFFICE OF THE GENERAL COUNSEL,Energy,Energy,0
8904,OFFICE OF INSPECTOR GENERAL,Energy,Energy,0
8905,OFFICE OF ADMINISTRATION AND HUMAN RESOURCES MANAGEMENT,Energy,Energy,0
8907,ASSISTANT SECRETARY FOR CONGRESSIONAL AND INTERGOVERNMENTAL AFFAIRS,Energy,Energy,0
8908,OFFICE OF PUBLIC AFFAIRS,Energy,Energy,0
8909,ASSISTANT SECRETARY FOR DOMESTIC AND INTERNATIONAL ENERGY POLICY,Energy,Energy,0
890A,OFFICE OF THE UNDER SECRETARY,Energy,Energy,0
8910,OFFICE OF SPECIAL PROJECTS,Energy,Energy,0
8911,OFFICE OF MINORITY ECONOMIC IMPACT,Energy,Energy,0
8912,BOARD OF CONTRACT APPEALS,Energy,Energy,0
8913,OFFICE OF HEARINGS AND APPEALS,Energy,Energy,0
8914,OFFICE OF SCHEDULING AND LOGISTICS,Energy,Energy,0
8915,OFFICE OF NUCLEAR SAFETY,Energy,Energy,0
8916,"OFFICE OF PROCUREMENT, ASSISTANCE, AND PROGRAM MANAGEMENT",Energy,Energy,0
8917,OFFICE OF INTELLIGENCE,Energy,Energy,0
8918,OFFICE OF SMALL AND DISADVANTAGED BUSINESS UTILIZATION,Energy,Energy,0
8919,OFFICE OF THE SECRETARY OF ENERGY ADVISORY BOARD,Energy,Energy,0
891B,OFFICE OF SECURITY AFFAIRS,Energy,Energy,0
891C,CHIEF FINANCIAL OFFICER,Energy,Energy,0
891D,OFFICE OF EMERGENCY PLANNING AND OPERATIONS,Energy,Energy,0
891E,OFFICE OF CONTRACTOR EMPLOYEE PROTECTION,Energy,Energy,0
8921,OFFICE OF NEW PRODUCTION REACTORS,Energy,Energy,0
8922,ASSISTANT SECRETARY FOR CONSERVATION AND RENEWABLE ENERGY,Energy,Energy,0
8925,ASSISTANT SECRETARY FOR DEFENSE PROGRAMS,Energy,Energy,0
8930,ECONOMIC REGULATORY ADMINISTRATION,Energy,Energy,0
8933,ENERGY INFORMATION ADMINISTRATION,Energy,Energy,0
8936,OFFICE OF ENERGY RESEARCH,Energy,Energy,0
8938,OFFICE OF CIVILIAN RADIOACTIVE WASTE MANAGEMENT,Energy,Energy,0
8940,"ASSISTANT SECRETARY FOR ENVIRONMENT, SAFETY AND HEALTH",Energy,Energy,0
8941,ASSISTANT SECRETARY FOR ENVIRONMENTAL RESTORATION AND WASTE MANAGEMENT,Energy,Energy,0
8944,ASSISTANT SECRETARY FOR FOSSIL ENERGY,Energy,Energy,0
8948,ASSISTANT SECRETARY FOR NUCLEAR ENERGY,Energy,Energy,0
8951,BARTLESVILLE PROJECT OFFICE,Energy,Energy,0
8952,METAIRIE SITE OFFICE,Energy,Energy,0
8953,SAVANNAH RIVER RESTART SPECIAL PROJECTS OFFICE,Energy,Energy,0
8954,YUCCA MOUNTAIN PROJECT OFFICE,Energy,Energy,0
8955,NATIONAL RENEWABLE ENERGY LABORATORY AREA OFFICE,Energy,Energy,0
895A,"FIELD OFFICE, ALBUQUERQUE",Energy,Energy,0
895B,BONNEVILLE POWER ADMINISTRATION,Energy,Energy,0
895C,"FIELD OFFICE, CHICAGO",Energy,Energy,0
895D,"FIELD OFFICE, IDAHO",Energy,Energy,0
895E,"FIELD OFFICE, NEVADA",Energy,Energy,0
895F,"FIELD OFFICE, OAK RIDGE",Energy,Energy,0
895G,PITTSBURGH NAVAL REACTORS OFFICE,Energy,Energy,0
895H,"FIELD OFFICE, RICHLAND",Energy,Energy,0
895I,ROCKY FLATS PROJECT OFFICE,Energy,Energy,0
895J,"FIELD OFFICE, SAN FRANCISCO",Energy,Energy,0
895K,SCHENECTADY NAVAL REACTORS OFFICE,Energy,Energy,0
895L,OFFICE OF SCIENTIFIC AND TECHNICAL INFORMATION,Energy,Energy,0
895M,SOUTHWESTERN POWER ADMINISTRATION,Energy,Energy,0
895N,"FIELD OFFICE, SAVANNAH RIVER",Energy,Energy,0
895P,SOUTHEASTERN POWER ADMINISTRATION,Energy,Energy,0
895Q,SUPERCONDUCTING SUPER COLLIDER PROJECT OFFICE,Energy,Energy,0
895R,WESTERN AREA POWER ADMINISTRATION,Energy,Energy,0
895S,ALASKA POWER ADMINISTRATION,Energy,Energy,0
895T,"FIELD OFFICE, FERNALD",Energy,Energy,0
895U,MORGANTOWN ENERGY TECHNOLOGY CENTER,Energy,Energy,0
895V,"NAVAL PETROLEUM AND OIL SHALE RESERVES IN CO, UT AND WY",Energy,Energy,0
895W,NAVAL PETROLEUM RESERVES IN CALIFORNIA,Energy,Energy,0
895X,PITTSBURGH ENERGY TECHNOLOGY CENTER,Energy,Energy,0
895Y,ECONOMIC REGULATORY ADMINISTRATION FIELD OFFICES,Energy,Energy,0
895Z,STRATEGIC PETROLEUM RESERVES PROJECT OFFICE,Energy,Energy,0
8960,FERC,Energy,Energy,0
8961,FEDERAL ENERGY REGULATORY COMMISSION,Energy,Energy,0
9000,SELECTIVE SERVICE SYSTEM,Other Agencies,SELECTIVE SERVICE SYSTEM,0
901,COMMISSION ON SECURITY AND COOPERATION IN EUROPE,Other Agencies,All Other Customers,0
902,BOTANIC GARDEN,Other Agencies,All Other Customers,0
903,COPYRIGHT ROYALTY TRIBUNAL,Other Agencies,All Other Customers,0
907,OFFICE OF TECHNOLOGY ASSESSMENT,Other Agencies,All Other Customers,0
908,RAILROAD ACCOUNTING PRINCIPLES BOARD,Other Agencies,All Other Customers,0
910,BIOMEDICAL ETHICS BOARD,Other Agencies,All Other Customers,0
9100,"EDUCATION, DEPARTMENT OF",Other Agencies,Education,0
9101,IMMEDIATE OFFICE OF THE SECRETARY OF EDUCATION,Other Agencies,Education,0
9102,OFFICE OF THE UNDER SECRETARY OF EDUCATION,Other Agencies,Education,0
9103,OFFICE OF THE GENERAL COUNSEL,Other Agencies,Education,0
9104,OFFICE OF INSPECTOR GENERAL,Other Agencies,Education,0
9105,OFFICE OF HUMAN RESOURCES AND ADMINISTRATION,Other Agencies,Education,0
9106,OFFICE OF MANAGEMENT AND BUDGET/CHIEF FINANCIAL OFFICER,Other Agencies,Education,0
9107,OFFICE OF LEGISLATION,Other Agencies,Education,0
9108,OFFICE OF POLICY AND PLANNING,Other Agencies,Education,0
9109,OFFICE OF INTERGOVERNMENTAL AND INTERAGENCY AFFAIRS,Other Agencies,Education,0
911,COMMISSION ON AGRICULTURAL WORKERS,Other Agencies,All Other Customers,0
9110,"OFFICE OF PLANNING, EVALUATION AND PROGRAM DEVELOPMENT",Other Agencies,,0
9111,OFFICE FOR CIVIL RIGHTS,Other Agencies,Education,0
912,COMMISSION ON INTERSTATE CHILD SUPPORT,Other Agencies,All Other Customers,0
9120,OFFICE OF VOCATIONAL AND ADULT EDUCATION,Other Agencies,Education,0
9121,OFFICE OF BILINGUAL EDUCATION AND MINORITY LANGUAGES AFFAIRS,Other Agencies,Education,0
9124,OFFICE OF SPECIAL EDUCATION AND REHABILITATIVE SERVICES,Other Agencies,Education,0
9125,NATIONAL INSTITUTE ON DISABILITY AND REHABILITATION RESEARCH,Other Agencies,Education,0
9126,REHABILITATIVE SERVICES ADMINISTRATION,Other Agencies,Education,0
9127,OFFICE OF SPECIAL EDUCATION PROGRAMS,Other Agencies,Education,0
9128,IMMED OFF OF THE ASST SEC FOR SPECIAL EDUC AND REHAB SERVICES,Other Agencies,Education,0
9129,FUND FOR THE IMPROVEMENT OF POSTSECONDARY EDUCATION,Other Agencies,Education,0
913,NATIONAL COMMISSION ON ACQUIRED IMMUNE DEFICIENCY SYNDROME,Other Agencies,All Other Customers,0
9130,IMMED OFF OF THE ASST SEC FOR POSTSECONDARY EDUCATION,Other Agencies,Education,0
9131,STUDENT FINANCIAL ASSISTANCE PROGRAMS,Other Agencies,Education,0
9132,IMMEDIATE OFF OF THE ASST SEC FOR EDUCATIONAL RESEARCH AND IMPROVEMENT,Other Agencies,Education,0
9133,OFFICE OF HIGHER EDUCATION PROGRAMS,Other Agencies,Education,0
9134,OFFICE OF POSTSECONDARY EDUCATION,Other Agencies,Education,0
9135,LIBRARIES AND LEARNING TECHNOLOGIES PROGRAMS,Other Agencies,Education,0
9136,NATIONAL INSTITUTE OF EDUCATION,Other Agencies,Education,0
9137,EDUCATION PROFESSIONAL DEVELOPMENT AND DISSEMINATION PROGRAMS,Other Agencies,Education,0
9138,NATIONAL CENTER FOR EDUCATION STATISTICS,Other Agencies,Education,0
9139,OFFICE OF EDUCATIONAL RESEARCH AND IMPROVEMENT,Other Agencies,Education,0
914,JOHN C. STENNIS CENTER FOR PUBLIC DEVELOPMENT,Other Agencies,All Other Customers,0
9140,COMPENSATORY EDUCATION PROGRAMS,Other Agencies,Education,0
9141,IMMED OFF OF THE ASST SEC FOR ELEMENTARY AND SECONDARY EDUC,Other Agencies,Education,0
9142,MIGRANT EDUCATION PROGRAMS,Other Agencies,Education,0
9143,SCHOOL SUPPORT AND TECHNOLOGY PROGRAMS,Other Agencies,,0
9144,STATE AND LOCAL EDUCATION PROGRAMS,Other Agencies,Education,0
9145,INDIAN EDUCATION PROGRAMS,Other Agencies,Education,0
9146,OFFICE OF ELEMENTARY AND SECONDARY EDUCATION,Other Agencies,Education,0
9147,ACADEMIC IMPROVEMENT AND TEACHER QUALITY PROGRAMS,Other Agencies,Education,0
916A,ADVISORY COUNCILS AND COMMITTEES,Other Agencies,Education,0
916C,NATIONAL INSTITUTE FOR LITERACY,Other Agencies,Education,0
9181,STUDENT LOAN MARKETING ASSOCIATION,Other Agencies,Education,0
9191,AMERICAN PRINTING HOUSE FOR THE BLIND,Other Agencies,Education,0
9192,GALLAUDET COLLEGE,Other Agencies,Education,0
9193,HOWARD UNIVERSITY,Other Agencies,Education,0
9194,NATIONAL TECHNICAL INSTITUTE FOR THE DEAF,Other Agencies,Education,0
91S8,91S8,Other Agencies,,0
91U4,91U4,Other Agencies,,0
9300,FEDERAL MEDIATION AND CONCILIATION SERVICE,Other Agencies,All Other Customers,0
9400,UNITED STATES ARMS CONTROL AND DISARMAMENT AGENCY,Other Agencies,All Other Customers,0
9501,BOARD FOR INTERNATIONAL BROADCASTING,Other Agencies,,0
9502,NATIONAL CAPITAL PLANNING COMMISSION,Other Agencies,NATIONAL CAPITAL PLANNING COMMISSION,0
9503,PROSPECTIVE PAYMENT ASSESSMENT COMMISSION,Other Agencies,All Other Customers,0
9504,FEDERAL MINE SAFETY AND HEALTH REVIEW COMMISSION,Other Agencies,All Other Customers,0
9505,SURFACE TRANSPORTATION BOARD,,,
9506,FEDERAL ELECTION COMMISSION,Other Agencies,FEDERAL ELECTION COMMISSION,0
9507,COMMODITY FUTURES TRADING COMMISSION,Other Agencies,COMMODITY FUTURES TRADING COMMISSION,0
9508,NATIONAL TRANSPORTATION SAFETY BOARD,Other Agencies,NATIONAL TRANSPORTATION SAFETY BOARD,0
9509,NATIONAL COUNCIL ON THE HANDICAPPED,Other Agencies,All Other Customers,0
9510,HARRY S TRUMAN SCHOLARSHIP FOUNDATION,Other Agencies,All Other Customers,0
9511,THE COUNCIL OF THE INSPECTORS GENERAL ON INTEGRITY AND EFFICIENCY ,Other Agencies,,0
9512,JAPAN-U.S. FRIENDSHIP COMMISSION,Other Agencies,All Other Customers,0
9513,MARINE MAMMAL COMMISSION,Other Agencies,All Other Customers,0
9514,OCCUPATIONAL SAFETY AND HEALTH REVIEW COMMISSION,Other Agencies,OCCUPATIONAL SAFETY AND HEALTH REVIEW COMMISSION,0
9515,ADMINISTRATIVE CONFERENCE OF THE U. S.,Other Agencies,,0
9516,DEFENSE NUCLEAR FACILITIES SAFETY BOARD,Other Agencies,DEFENSE NUCLEAR FACILITIES SAFETY BOARD,0
9517,COMMISSION ON CIVIL RIGHTS,Other Agencies,COMMISSION ON CIVIL RIGHTS,0
9518,COMMITTEE FOR PURCHASE FROM PEOPLE WHO ARE BLIND OR SEVERELY DISABLED,Other Agencies,COMMITTEE FOR PURCHASE FROM PEOPLE WHO ARE BLIND O,0
9519,INTELLIGENCE COMMUNITY STAFF,Other Agencies,All Other Customers,0
9520,PHYSICIANS PAYMENT REVIEW COMMISSION,Other Agencies,All Other Customers,0
9521,PANAMA CANAL COMMISSION,Other Agencies,All Other Customers,0
9523,ELECTION ASSISTANCE COMMISSION,Other Agencies,ELECTION ASSISTANCE COMMISSION,0
9524,NATIONAL MEDIATION BOARD,Other Agencies,NATIONAL MEDIATION BOARD,0
9526,PRIVACY AND CIVIL LIBERTIES OVERSIGHT BOARD,Other Agencies,,0
9527,NATIONAL COMMISSION ON LIBRARIES AND INFORMATION SCIENCE,Other Agencies,All Other Customers,0
9530,ADVISORY COUNCIL ON HISTORIC PRESERVATION,Other Agencies,All Other Customers,0
9531,UNITED STATES HOLOCAUST MEMORIAL MUSEUM,Other Agencies,All Other Customers,0
9532,ARCHITECTURAL AND TRANSPORTATION BARRIERS COMPLIANCE BOARD,Other Agencies,All Other Customers,0
9533,GULF COAST ECOSYSTEM RESTORATION COUNCIL,,,
9535,INSTITUTE OF AMERICAN INDIAN AND ALASKA NATIVE CULTURE AND ARTS DEVELOPMENT,Other Agencies,,0
9536,VIETNAM EDUCATION FOUNDATION,,,
9537,COMMISSION OF FINE ARTS,Other Agencies,All Other Customers,0
9540,FEDERAL HOUSING FINANCE BOARD,Other Agencies,FEDERAL HOUSING FINANCE BOARD,0
9541,JAMES MADISON MEMORIAL FELLOWSHIP COMMISSION,Other Agencies,All Other Customers,0
9542,FEDERAL HOUSING FINANCE AGENCY,Other Agencies,FEDERAL HOUSING FINANCE AGENCY,0
9543,MILLENNIUM CHALLENGE CORPORATION,State and IAP,MILLENNIUM CHALLENGE CORPORATION,0
9545,MORRIS K. UDALL SCHOLARSHIP AND EXCELLENCE IN NATIONAL ENVIRONMENTAL POLICY FOUNDATION,Other Agencies,All Other Customers,0
9547,NATIONAL COMMISSION ON MIGRANT EDUCATION,Other Agencies,All Other Customers,0
9549,OFFICE OF GOVERNMENT ETHICS,Other Agencies,All Other Customers,0
9550,,,,
9557,NORTHERN BORDER REGIONAL COMMISSION,,,
9559,"FEDERAL RESERVE SYSTEM, BOARD OF GOVERNORS",Other Agencies,All Other Customers,0
955F,CONSUMER FINANCIAL PROTECTION BUREAU,Other Agencies,All Other Customers,0
955P,NATIONAL COMMUNICATIONS SYSTEM,DHS,Other DHS,
9560,BARRY GOLDWATER SCHOLARSHIP AND EXCELLENCE IN EDUCATION FUND,Other Agencies,All Other Customers,0
9561,RECOVERY ACCOUNTABILITY AND TRANSPARENCY BOARD,Other Agencies,All Other Customers,0
9562,FEDERAL FINANCIAL INSTITUTIONS EXAMINATION COUNCIL,Other Agencies,All Other Customers,0
9565,CHEMICAL SAFETY AND HAZARD INVESTIGATION BOARD,Other Agencies,All Other Customers,0
9566,FEDERAL HOUSING FINANCE AGENCY (FHFA),,,
9568,BROADCASTING BOARD OF GOVERNORS,Other Agencies,BROADCASTING BOARD OF GOVERNORS,0
9570,PRESCRIPTION DRUG PAYMENT REVIEW COMMISSION,Other Agencies,All Other Customers,0
9572,DENALI COMMISSION,Other Agencies,All Other Customers,0
9575,,,,
9577,CORPORATION FOR NATIONAL AND COMMUNITY SERVICE,Other Agencies,CORPORATION FOR NATIONAL AND COMMUNITY SERVICE,0
9580,UNITED STATES INSTITUTE OF PEACE,Other Agencies,All Other Customers,0
9581,COMMISSION ON NATIONAL AND COMMUNITY SERVICE,Other Agencies,All Other Customers,0
9582,COMPETITIVENESS PAY COUNCIL,Other Agencies,All Other Customers,0
9583,"NATIONAL COMM ON AMERICAN INDIAN, ALASKA NATIVE, NATIVE HAWAIIAN HOUSING",Other Agencies,All Other Customers,0
9584,NATIONAL COMMISSION ON SEVERELY DISTRESS PUBLIC HOUSING,Other Agencies,All Other Customers,0
9591,"RFE/RL, INC.",Other Agencies,All Other Customers,0
9593,U.S. COURT OF VETERAN APPEALS,Other Agencies,All Other Customers,0
9594,COURT SERVICES AND OFFENDER SUPERVISION AGENCY,Other Agencies,COURT SERVICES AND OFFENDER SUPERVISION AGENCY,0
959P,PRETRIAL SERVICES AGENCY,Other Agencies,COURT SERVICES AND OFFENDER SUPERVISION AGENCY,0
95HL,FEDERAL HOME LOAN BANKS,Other Agencies,All Other Customers,0
9600,9600,,,
9668,MISSISSIPPI RIVER COMMISSION,Other Agencies,All Other Customers,0
96CE,U.S. ARMY CORPS OF ENGINEERS - CIVIL PROGRAM FINANCING ONLY,Defense,Army,1
9700,DEPARTMENT OF DEFENSE,Defense,,1
9701,9701,Defense,Other DoD,1
9736,ARMY/AIR FORCE EXCHANGE SERVICE,Defense,Other DoD,1
9748,DEFENSE HUMAN RESOURCES ACTIVITY,Defense,Other DoD,1
9750,USD(A AND T) DEFENSE SUPPORT ACTIVITY,Defense,Other DoD,1
9758,DEFENSE POW/MIA OFFICE,Defense,Other DoD,1
9760,TRICARE MANAGEMENT ACTIVITY (TMA),Defense,MilitaryHealth,1
9761,DEFENSE THREAT REDUCTION AGENCY (DTRA),Defense,Other DoD,1
9763,DEFENSE CONTRACT MANAGEMENT AGENCY (DCMA),Defense,Other DoD,1
9766,COUNTERINTELLIGENCE FIELD ACTIVITY (CIFA),Defense,Other DoD,1
9770,AFRRI,Defense,Other DoD,1
9771,DEFENSE MICROELECTRONICS ACTIVITY (DMEA),Defense,Other DoD,1
9773,VIRGINIA CONTRACTING AGENCY,Defense,Other DoD,1
9776,USTRANSCOM,Defense,Other DoD,1
9777,BUSINESS TRANSFORMATION AGENCY,Defense,Other DoD,1
97AB,NATIONAL GEOSPATIAL-INTELLIGENCE AGENCY (NGA),Defense,Other DoD,1
97AD,IMMEDIATE OFFICE OF THE SECRETARY OF DEFENSE,Defense,Other DoD,1
97AE,DEFENSE ADVANCED RESEARCH PROJECTS AGENCY  (DARPA),Defense,Other DoD,1
97AH,Defense Nuclear Agency,Defense,Other DoD,1
97AK,DEFENSE INFORMATION SYSTEMS AGENCY (DISA),Defense,DISA,1
97AR,DEFENSE CONTRACT AUDIT AGENCY,Defense,Other DoD,1
97AS,DEFENSE LOGISTICS AGENCY,Defense,DLA,1
97AT,DEFENSE SECURITY COOPERATION AGENCY,Defense,Other DoD,1
97AU,DEFENSE TECHNOLOGY SECURITY ADMINISTRATION,Defense,Other DoD,1
97AV,DEFENSE SECURITY SERVICE,Defense,Other DoD,1
97AW,ON SITE INSPECTION AGENCY,Defense,Other DoD,1
97AZ,DEFENSE COMMISSARY AGENCY  (DECA),Other Agencies,DECA (Largely Unreported),0
97BJ,"JOINT CHIEFS OF STAFF, ORGANIZATION OF",Defense,Other DoD,1
97BZ,DEFENSE FINANCE AND ACCOUNTING SERVICE (DFAS),Defense,Other DoD,1
97CG,NATIONAL SECURITY AGENCY/CENTRAL SECURITY SERVICE,Defense,Other DoD,1
97CY,U.S. CYBER COMMAND,Defense,Other DoD,
97DH,DEFENSE HEALTH AGENCY (DHA),Defense,MilitaryHealth,1
97DL,DEFENSE INTELLIGENCE AGENCY,Defense,Other DoD,1
97EX,"INSPECTOR GENERAL, OFFICE OF",Defense,Other DoD,1
97F1,DEFENSE MEDIA ACTIVITY (DMA),Defense,Other DoD,1
97F2,DEPT OF DEFENSE EDUCATION ACTIVITY (DODEA),Defense,Other DoD,1
97F3,OFFICE OF THE CIVILIAN HEALTH AND MEDICAL PROGRAM,Defense,MilitaryHealth,1
97F4,DEFENSE MEDICAL PROGRAMS ACTIVITY,Defense,MilitaryHealth,1
97F5,WASHINGTON HEADQUARTERS SERVICES (WHS),Defense,Other DoD,1
97F6,OFFICE OF ECONOMIC ADJUSTMENT,,,
97F7,JOINT IMPROVISED EXPLOSIVE DEVICE DEFEAT ORGANIZATION (JIEDDO) ,Defense,Other DoD,1
97HW,UNIFORMED SERVICES UNIVERSITY OF THE HEALTH SCIENCES  (USUHS),Defense,Other DoD,1
97JC,MISSILE DEFENSE AGENCY (MDA),Defense,MDA,1
97NH,UNITED STATES NAVAL HOME,Defense,Other DoD,1
97SD,SPACE DEVELOPMENT AGENCY,Defense,SDA,
97ZS,U.S. SPECIAL OPERATIONS COMMAND (USSOCOM),Defense,Other DoD,1
9900,9900,,,
999,,,,
9999,FEDERAL CROP INSURANCE CORPORATION,Other Agencies,Agriculture,0
AF84,AF84,,,
AFH,AFH,,,
AFRG,AFRG,,,
AFRH,ARMED FORCES RETIREMENT HOME,,,
DJ,DJ,,,
DOD,DOD,,,
E309,E309,,,
E315,E315,,,
E346,E346,,,
ETA,ETA,,,
EW00,EW00,,,
F233,F233,,,
FS,FS,,,
GSA,GSA,,,
J831,J831,,,
M2,M2,,,
MCC,MCC,,,
MF,MF,,,
N,N,,,
,,,,
ND,ND,,,
NFC1,NFC1,,,
NOS,NOS,,,
ODC,Other Defense Civil Programs,Other Agencies,Defense Civil Programs,0
OGC,OGC,,,
R\16,R\16,,,
RA,RA,,,
SE,SE,,,
TOIG,TOIG,,,
U5,U5,,,
XA00,XA00,,,
